100031;HAMBURGUER BOVINO UN;;120,00;0,00;-120,00;UN;752,32;0,00;-752,32
100059;CARNE CONTRA FILÉ S/ OSSO;;12,70;0,00;-12,70;KG;439,54;0,00;-439,54
100174;LINGUICA CALABRESA;;0,50;0,00;-0,50;KG;13,60;0,00;-13,60
100256;CARNE FILE MIGNON;;105,93;0,00;-105,93;KG;6.299,92;0,00;-6.299,92
100257;CARNE MOIDA;;12,00;0,00;-12,00;KG;339,60;0,00;-339,60
100387;CARNE FILE MIGNON SUINO;;10,00;0,00;-10,00;KG;181,17;0,00;-181,17
100420;CARNE ALCATRA;;4,27;0,00;-4,27;KG;137,65;0,00;-137,65
100468;CARNE PICANHA;;29,11;0,00;-29,11;KG;2.048,06;0,00;-2.048,06
100540;CARNE COSTELA;;21,50;0,00;-21,50;KG;684,85;0,00;-684,85
100547;CARNE COSTELA SUINA;;21,00;0,00;-21,00;KG;542,43;0,00;-542,43
100577;CARNE CARRE DE CORDEIRO;;1,89;0,00;-1,89;KG;163,83;0,00;-163,83
100578;CARNE LAGARTO;;22,86;0,00;-22,86;KG;673,25;0,00;-673,25
188605;CARNE BISTECA BOVINA;;8,85;0,00;-8,85;KG;236,01;0,00;-236,01
188834;LINGUIÇA MISTA;;1,15;0,00;-1,15;KG;23,01;0,00;-23,01
188884;LINGUIÇA DE CORDEIRO;;10,40;0,00;-10,40;KG;409,68;0,00;-409,68
400192;CARNE MOIDA ST;;23,00;0,00;-23,00;KG;593,40;0,00;-593,40
100029;FILE DE FRANGO;;47,39;0,00;-47,39;KG;791,40;0,00;-791,40
100386;FRANGO COXINHA DE ASA;;47,30;0,00;-47,30;KG;568,76;0,00;-568,76
100442;FRANGO COXA E SOBRECOXA;;35,80;0,00;-35,80;KG;398,42;0,00;-398,42
400541;FRANGO COXA E SOBRECOXA ST;;12,00;0,00;-12,00;KG;166,80;0,00;-166,80
100179;FILE DE PESCADA;;10,76;0,00;-10,76;KG;956,36;0,00;-956,36
100251;CAMARÃO GRANDE;;10,00;0,00;-10,00;KG;689,00;0,00;-689,00
100370;FILE DE SALMAO;;44,20;0,00;-44,20;KG;3.603,77;0,00;-3.603,77
100371;FILE DE TILAPIA;;30,00;0,00;-30,00;KG;982,09;0,00;-982,09
100499;CAMARAO CINZA COLINHA;;20,00;0,00;-20,00;KG;1.544,28;0,00;-1.544,28
100947;LOMBO DE ATUM;;5,77;0,00;-5,77;KG;432,52;0,00;-432,52
401470;FILE DE SAITHE;;10,00;0,00;-10,00;KG;468,70;0,00;-468,70
100038;BATATA PALITO CONGELADA 7mm;;77,50;0,00;-77,50;KG;753,24;0,00;-753,24
100044;SACHET MANTEIGA COM SAL;;1.130,00;0,00;-1.130,00;UNID;1.037,85;0,00;-1.037,85
100054;QUEIJO MINAS;;24,29;0,00;-24,29;KG;952,84;0,00;-952,84
100080;QUEIJO MUSSARELA;;38,83;0,00;-38,83;KG;1.215,57;0,00;-1.215,57
100099;QUEIJO PROVOLONE;;1,50;0,00;-1,50;KG;92,74;0,00;-92,74
100111;QUEIJO PARMESÃO;;10,90;0,00;-10,90;KG;618,76;0,00;-618,76
100155;CREME DE LEITE;;1,60;0,00;-1,60;KG;24,25;0,00;-24,25
100157;MARGARINA;;5,00;0,00;-5,00;KG;76,97;0,00;-76,97
100167;SORVETE (TODOS SABORES) KG;;46,58;0,00;-46,58;KG;1.892,34;0,00;-1.892,34
100185;MANTEIGA;;7,90;0,00;-7,90;KG;336,81;0,00;-336,81
100189;QUEIJO GORGONZOLA;;6,75;0,00;-6,75;KG;389,22;0,00;-389,22
100193;PRESUNTO;;37,00;0,00;-37,00;KG;766,38;0,00;-766,38
100204;REQUEIJAO  KG;;0,72;0,00;-0,72;KG;20,26;0,00;-20,26
100209;NATA;;11,10;0,00;-11,10;KG;247,07;0,00;-247,07
100343;LEITE CONDENSADO;;14,69;0,00;-14,69;KG;161,43;0,00;-161,43
100536;MORTADELA;;5,76;0,00;-5,76;KG;173,25;0,00;-173,25
100561;QUEIJO GOUDA;;1,02;0,00;-1,02;KG;81,58;0,00;-81,58
100788;QUEIJO COALHO;;0,69;0,00;-0,69;KG;43,90;0,00;-43,90
100964;TOFU;;1,70;0,00;-1,70;KG;165,71;0,00;-165,71
100977;QUEIJO GRANA PADANO;;0,83;0,00;-0,83;KG;119,51;0,00;-119,51
101006;QUEIJO COLONIAL;;2,44;0,00;-2,44;KG;112,12;0,00;-112,12
101196;PRESUNTO CRU;;0,85;0,00;-0,85;KG;195,42;0,00;-195,42
188334;BATATA RUSTICA CONGELADA;;20,00;0,00;-20,00;KG;684,08;0,00;-684,08
188468;MANDIOQUINHA CONGELADA;;5,10;0,00;-5,10;KG;124,05;0,00;-124,05
188822;BURRATA;;1,50;0,00;-1,50;KG;219,12;0,00;-219,12
188868;QUEIJO AZUL;;1,46;0,00;-1,46;KG;107,23;0,00;-107,23
200036;LEITE (UN=1L);;207,00;0,00;-207,00;LT;833,51;0,00;-833,51
201260;LEITE SEM LACTOSE LT;;13,00;0,00;-13,00;LT;54,10;0,00;-54,10
400797;SACHET MANTEIGA SEM SAL;;910,00;0,00;-910,00;UN;841,22;0,00;-841,22
500987;CREAM CHEESE;;4,50;0,00;-4,50;KG;170,83;0,00;-170,83
100024;SELETA DE LEGUMES;;4,08;0,00;-4,08;KG;55,99;0,00;-55,99
100041;ALFACE;;141,00;0,00;-141,00;UN;484,30;0,00;-484,30
100064;MAMAO;;139,51;0,00;-139,51;KG;1.222,24;0,00;-1.222,24
100065;MELAO;;79,20;0,00;-79,20;KG;590,15;0,00;-590,15
100066;ABACAXI;;63,00;0,00;-63,00;UNID;422,10;0,00;-422,10
100067;LARANJA;;425,00;0,00;-425,00;KG;1.832,45;0,00;-1.832,45
100068;LIMAO;;34,00;0,00;-34,00;KG;171,55;0,00;-171,55
100069;BANANA;;48,50;0,00;-48,50;KG;320,11;0,00;-320,11
100070;BERINGELA;;8,10;0,00;-8,10;KG;34,57;0,00;-34,57
100071;TOMATE;;95,20;0,00;-95,20;KG;615,74;0,00;-615,74
100072;OVOS;;4.152,00;0,00;-4.152,00;UNID;2.160,20;0,00;-2.160,20
100073;BATATA;;27,00;0,00;-27,00;KG;313,50;0,00;-313,50
100074;CEBOLA;;28,00;0,00;-28,00;KG;272,75;0,00;-272,75
100101;MAÇA;;31,30;0,00;-31,30;KG;461,97;0,00;-461,97
100102;MANGA;;79,50;0,00;-79,50;KG;640,91;0,00;-640,91
100110;MELANCIA;;60,00;0,00;-60,00;KG;180,00;0,00;-180,00
100114;UVA;;8,00;0,00;-8,00;KG;169,94;0,00;-169,94
100115;MORANGO;;19,00;0,00;-19,00;BD;167,00;0,00;-167,00
100116;GOIABA;;10,00;0,00;-10,00;KG;127,09;0,00;-127,09
100133;TANGERINA/POKAN;;6,00;0,00;-6,00;KG;38,40;0,00;-38,40
100135;PIMENTAO VERDE;;3,29;0,00;-3,29;KG;23,45;0,00;-23,45
100149;MANJERICAO;;17,00;0,00;-17,00;UN;42,50;0,00;-42,50
100153;CENOURA;;45,60;0,00;-45,60;KG;305,52;0,00;-305,52
100154;SALSINHA/CEBOLINHA;;17,00;0,00;-17,00;UN;49,30;0,00;-49,30
100159;COUVE FLOR;;5,00;0,00;-5,00;UN;42,40;0,00;-42,40
100160;PIMENTAO AMARELO/VERMELHO;;9,19;0,00;-9,19;KG;197,46;0,00;-197,46
100169;BETERRABA;;6,60;0,00;-6,60;KG;42,30;0,00;-42,30
100172;AMEIXA;;6,00;0,00;-6,00;KG;99,00;0,00;-99,00
100178;ERVILHA CONGELADA;;2,02;0,00;-2,02;KG;28,21;0,00;-28,21
100181;CAQUI;;1,00;0,00;-1,00;KG;7,75;0,00;-7,75
100184;VAGEM;;1,00;0,00;-1,00;KG;14,90;0,00;-14,90
100188;RUCULA;;42,00;0,00;-42,00;UN;115,65;0,00;-115,65
100192;AGRIAO;;1,00;0,00;-1,00;UN;1,50;0,00;-1,50
100216;AIPIM;;2,00;0,00;-2,00;KG;15,67;0,00;-15,67
100228;ABOBRINHA;;23,00;0,00;-23,00;KG;73,10;0,00;-73,10
100235;TOMILHO FRESCO;;4,00;0,00;-4,00;KG;12,00;0,00;-12,00
100262;PEPINO SALADA;;5,00;0,00;-5,00;KG;27,60;0,00;-27,60
100266;REPOLHO ROXO;;1,00;0,00;-1,00;UN;6,00;0,00;-6,00
100330;REPOLHO BRANCO;;3,00;0,00;-3,00;UN;15,75;0,00;-15,75
100332;KIWI;;5,00;0,00;-5,00;KG;100,00;0,00;-100,00
100333;HORTELA FOLHAS;;2,60;0,00;-2,60;KG;31,67;0,00;-31,67
100395;CHICORIA;;5,00;0,00;-5,00;UN;22,50;0,00;-22,50
100470;CHUCHU;;2,00;0,00;-2,00;KG;9,00;0,00;-9,00
100530;ALHO PORÓ;;8,00;0,00;-8,00;UN;42,40;0,00;-42,40
100565;MORANGA;;4,00;0,00;-4,00;KG;30,00;0,00;-30,00
100610;SALSAO;;1,00;0,00;-1,00;UN;12,00;0,00;-12,00
100630;GENGIBRE;;0,83;0,00;-0,83;KG;14,86;0,00;-14,86
100632;BATATA DOCE;;18,50;0,00;-18,50;KG;120,18;0,00;-120,18
100633;TOMATE CEREJA;;7,25;0,00;-7,25;KG;172,55;0,00;-172,55
100674;COUVE FOLHA;;14,00;0,00;-14,00;UNID;28,20;0,00;-28,20
100726;ALHO;;1,00;0,00;-1,00;KG;36,00;0,00;-36,00
100786;ALECRIM FRESCO;;6,00;0,00;-6,00;UN;15,00;0,00;-15,00
100888;ASPARGOS CONGELADOS;;1,00;0,00;-1,00;KG;48,00;0,00;-48,00
101151;FLOR COMESTIVEL;;9,00;0,00;-9,00;UN;45,00;0,00;-45,00
122049;FRUTAS CONGELADAS KG;;8,02;0,00;-8,02;KG;327,72;0,00;-327,72
128122;ESPINAFRE CONGELADO;;7,50;0,00;-7,50;KG;84,21;0,00;-84,21
188410;MILHO CONGELADO;;5,00;0,00;-5,00;KG;57,81;0,00;-57,81
188411;VAGEM CONGELADA;;3,50;0,00;-3,50;KG;52,74;0,00;-52,74
394484;COENTRO;;6,00;0,00;-6,00;UN;15,00;0,00;-15,00
500126;COGUMELO SHIMEJI;;800,00;0,00;-800,00;GR;66,00;0,00;-66,00
500137;COGUMELO SHITAKE FRESCO BD;;4,00;0,00;-4,00;BD;78,00;0,00;-78,00
500233;COGUMELO PARIS;;6,00;0,00;-6,00;BD;96,00;0,00;-96,00
500310;BROTO DE FEIJÃO;;1,50;0,00;-1,50;KG;26,70;0,00;-26,70
500326;BROCOLIS HIBRIDO;;9,00;0,00;-9,00;UN;66,00;0,00;-66,00
50291;CEBOLA ROXA;;9,00;0,00;-9,00;KG;136,90;0,00;-136,90
100048;OLEO DE SOJA;;73,80;0,00;-73,80;LT;477,40;0,00;-477,40
100051;TOMATE SECO;;1,20;0,00;-1,20;KG;148,83;0,00;-148,83
100076;SALVIA;;3,00;0,00;-3,00;KG;7,27;0,00;-7,27
100078;CANELA EM PO;;0,50;0,00;-0,50;KG;15,34;0,00;-15,34
100081;OREGANO;;0,30;0,00;-0,30;KG;15,41;0,00;-15,41
100084;SAL REFINADO;;28,00;0,00;-28,00;KG;45,35;0,00;-45,35
100088;VINAGRE ALCOOL;;7,50;0,00;-7,50;LT;18,48;0,00;-18,48
100090;MAIONESE;;22,74;0,00;-22,74;KG;339,74;0,00;-339,74
100093;SAL GROSSO;;13,00;0,00;-13,00;KG;30,06;0,00;-30,06
100095;MOLHO SHOYO;;6,96;0,00;-6,96;LT;107,93;0,00;-107,93
100145;EXTRATO DE TOMATE;;20,00;0,00;-20,00;KG;242,25;0,00;-242,25
100196;SACHET SAL;;1,90;0,00;-1,90;UN;0,03;0,00;-0,03
100212;MOLHO INGLES;;4,00;0,00;-4,00;LT;2,89;0,00;-2,89
100271;CURRY;;0,50;0,00;-0,50;KG;12,90;0,00;-12,90
100273;CATCHUP;;13,12;0,00;-13,12;KG;235,62;0,00;-235,62
100275;CALDO DE GALINHA (KG);;2,00;0,00;-2,00;KG;20,96;0,00;-20,96
100297;MOSTARDA AMARELA;;8,00;0,00;-8,00;KG;257,21;0,00;-257,21
100302;PAPRICA PICANTE;;1,50;0,00;-1,50;KG;45,75;0,00;-45,75
100307;CANELA EM CASCA;;0,50;0,00;-0,50;KG;46,90;0,00;-46,90
100309;PIMENTA (KG);;0,70;0,00;-0,70;KG;23,42;0,00;-23,42
100316;AZEITE DE OLIVA (LITRO);;7,50;0,00;-7,50;LT;748,90;0,00;-748,90
100327;SACHET AZEITE DE OLIVA;;320,00;0,00;-320,00;UN;187,18;0,00;-187,18
100373;MOLHO DE ALHO;;0,60;0,00;-0,60;ML;0,02;0,00;-0,02
100377;VINAGRE BALSAMICO;;20,00;0,00;-20,00;LT;389,88;0,00;-389,88
100385;MOLHO DE PIMENTA TABASCO;;4,00;0,00;-4,00;UN;81,06;0,00;-81,06
100430;LOURO;;0,01;0,00;-0,01;KG;4,85;0,00;-4,85
100475;SACHET VINAGRE 8ML;;0,48;0,00;-0,48;UN;0,07;0,00;-0,07
100595;ESSENCIA DE BAUNILHA;;1,90;0,00;-1,90;LT;41,99;0,00;-41,99
100701;OLEO COMPOSTO;;10,00;0,00;-10,00;LT;300,34;0,00;-300,34
100783;AZEITE DENDE;;0,60;0,00;-0,60;LT;35,91;0,00;-35,91
122011;ADOBO KG;;1,50;0,00;-1,50;KG;60,30;0,00;-60,30
122081;OLEO DE ALGODÃO;;101,50;0,00;-101,50;LT;977,66;0,00;-977,66
188143;PIMENTA CALABRESA;;0,20;0,00;-0,20;KG;5,90;0,00;-5,90
200226;VINHO COZINHA BAG BOX BRANCO/TINTO;;16,28;0,00;-16,28;LT;166,16;0,00;-166,16
500089;PIMENTA PRETA GRÃO;;1,50;0,00;-1,50;KG;80,70;0,00;-80,70
500180;AZEITE DE OLIVA COMPOSTO;;12,02;0,00;-12,02;LT;287,88;0,00;-287,88
100002;CEREAL MATINAL SEM AÇUCAR;;1,30;0,00;-1,30;KG;120,22;0,00;-120,22
100014;SACHET AÇUCAR;;750,00;0,00;-750,00;UNID;42,35;0,00;-42,35
100015;SACHET ADOCANTE;;1.200,00;0,00;-1.200,00;UNID;101,53;0,00;-101,53
100050;CAFE A VÁCUO EM PO;;42,00;0,00;-42,00;KG;1.399,19;0,00;-1.399,19
100062;ARROZ BRANCO;;149,00;0,00;-149,00;KG;810,37;0,00;-810,37
100087;FARINHA DE TRIGO;;77,00;0,00;-77,00;KG;353,25;0,00;-353,25
100089;ACUCAR REFINADO;;73,00;0,00;-73,00;KG;355,27;0,00;-355,27
100094;AMIDO DE MILHO;;7,00;0,00;-7,00;KG;104,35;0,00;-104,35
100148;ACHOCOLATADO PO;;7,80;0,00;-7,80;KG;577,68;0,00;-577,68
100171;LEITE EM PO;;8,10;0,00;-8,10;KG;916,81;0,00;-916,81
100186;BATATA PALHA;;5,20;0,00;-5,20;KG;143,22;0,00;-143,22
100201;CASTANHA DE CAJU;;2,00;0,00;-2,00;KG;147,14;0,00;-147,14
100210;ARROZ ARBORIO;;23,00;0,00;-23,00;KG;408,93;0,00;-408,93
100230;DAMASCO;;1,50;0,00;-1,50;KG;129,08;0,00;-129,08
100231;UVA PASSA;;1,50;0,00;-1,50;KG;37,92;0,00;-37,92
100234;AÇUCAR MASCAVO;;3,00;0,00;-3,00;KG;40,10;0,00;-40,10
100254;FARINHA DE AVEIA;;1,19;0,00;-1,19;KG;23,73;0,00;-23,73
100294;CHANTILLY;;0,50;0,00;-0,50;LT;56,16;0,00;-56,16
100313;FARINHA DE MANDIOCA;;4,00;0,00;-4,00;KG;38,43;0,00;-38,43
100323;LEITE DE COCO;;14,00;0,00;-14,00;LT;202,55;0,00;-202,55
100324;COCO RALADO;;1,90;0,00;-1,90;KG;86,18;0,00;-86,18
100415;FARINHA DE ROSCA;;10,00;0,00;-10,00;KG;98,23;0,00;-98,23
100427;ARROZ INTEGRAL;;10,00;0,00;-10,00;KG;63,73;0,00;-63,73
100433;FEIJAO PRETO;;66,00;0,00;-66,00;KG;525,94;0,00;-525,94
100437;FAROFA PRONTA;;11,20;0,00;-11,20;KG;128,96;0,00;-128,96
100443;AMENDOIM;;2,50;0,00;-2,50;KG;75,42;0,00;-75,42
100449;CHOCOLATE GRANULADO;;0,50;0,00;-0,50;KG;13,42;0,00;-13,42
100450;CAFE EM GRAO;;11,00;0,00;-11,00;KG;1.094,07;0,00;-1.094,07
100478;ACUCAR DE CONFEITEIRO;;3,00;0,00;-3,00;KG;27,89;0,00;-27,89
100481;AÇUCAR CRISTAL;;1,00;0,00;-1,00;KG;6,70;0,00;-6,70
100501;NOZES;;0,50;0,00;-0,50;KG;39,67;0,00;-39,67
100541;POLVILHO;;3,00;0,00;-3,00;KG;31,40;0,00;-31,40
100627;CAFE SOLUVEL;;3,50;0,00;-3,50;KG;658,21;0,00;-658,21
100680;FEIJAO CARIOCA;;19,00;0,00;-19,00;KG;134,55;0,00;-134,55
100691;LINHAÇA;;1,50;0,00;-1,50;KG;28,33;0,00;-28,33
100703;SACHET AÇUCAR MASCAVO;;510,00;0,00;-510,00;UN;69,05;0,00;-69,05
100707;AMENDOAS;;1,50;0,00;-1,50;KG;120,17;0,00;-120,17
100746;AMEIXA SECA PRETA;;1,00;0,00;-1,00;KG;56,08;0,00;-56,08
100921;AVEIA EM FLOCOS;;1,00;0,00;-1,00;KG;17,88;0,00;-17,88
100933;NESCAFE ALPINO;;9,10;0,00;-9,10;KG;1.457,12;0,00;-1.457,12
100944;ARROZ ORIENTAL;;1,00;0,00;-1,00;KG;37,90;0,00;-37,90
101111;TAPIOCA MASSA PRONTA;;13,00;0,00;-13,00;KG;349,91;0,00;-349,91
101113;FARINHA DE ARROZ;;5,00;0,00;-5,00;KG;55,65;0,00;-55,65
101228;CHIA;;2,00;0,00;-2,00;KG;68,85;0,00;-68,85
101231;BARRA DE CEREAL;;48,00;0,00;-48,00;UN;70,70;0,00;-70,70
122048;LEITE DE SOJA EM PÓ;;3,00;0,00;-3,00;KG;168,62;0,00;-168,62
188142;MAÇA DESIDRATADA KG;;1,00;0,00;-1,00;KG;70,08;0,00;-70,08
188386;SACHET AÇUCAR ORGÂNICO;;900,00;0,00;-900,00;UN;50,98;0,00;-50,98
188527;SEMENTE DE ABOBORA;;0,50;0,00;-0,50;KG;32,25;0,00;-32,25
188636;AÇUCAR DEMERARA;;1,00;0,00;-1,00;KG;8,83;0,00;-8,83
188736;FARINHA PANKO;;2,00;0,00;-2,00;KG;36,30;0,00;-36,30
188784;ARROZ CATETO;;3,00;0,00;-3,00;KG;46,50;0,00;-46,50
188946;CHIPS DE BANANA;;1,00;0,00;-1,00;KG;56,18;0,00;-56,18
190336;MIX DE CASTANHA;;1,00;0,00;-1,00;KG;91,70;0,00;-91,70
349396;FARINHA DE MILHO;;3,00;0,00;-3,00;KG;30,74;0,00;-30,74
400009;CHA DIVERSOS SABORES;;600,00;0,00;-600,00;UN;726,49;0,00;-726,49
400539;CEREAL MATINAL COM AÇUCAR;;1,00;0,00;-1,00;KG;25,80;0,00;-25,80
500451;CASTANHA DO PARA;;2,00;0,00;-2,00;KG;166,15;0,00;-166,15
500637;FARINHA DE AMENDOAS;;0,50;0,00;-0,50;KG;43,81;0,00;-43,81
100040;ATUM EM CONSERVA;;0,17;0,00;-0,17;KG;6,01;0,00;-6,01
100098;ALCAPARRA;;0,50;0,00;-0,50;KG;64,75;0,00;-64,75
100108;AZEITONAS VERDES;;0,72;0,00;-0,72;KG;28,91;0,00;-28,91
100180;PEPINO CONSERVA;;0,30;0,00;-0,30;KG;9,87;0,00;-9,87
100250;PALMITO EM CONSERVA;;12,60;0,00;-12,60;KG;573,01;0,00;-573,01
100871;ANCHOVAS CONSERVA;;0,52;0,00;-0,52;KG;261,52;0,00;-261,52
100141;PAO DE QUEIJO CONGELADO;;66,00;0,00;-66,00;KG;1.135,46;0,00;-1.135,46
100143;BISCOITO CHAMPAGNE;;0,90;0,00;-0,90;KG;33,05;0,00;-33,05
100173;CHOCOLATE EM BARRA (KG);;7,00;0,00;-7,00;KG;256,96;0,00;-256,96
100233;MELADO;;2,00;0,00;-2,00;KG;29,80;0,00;-29,80
100242;MEL ABELHA;;8,00;0,00;-8,00;KG;272,03;0,00;-272,03
100315;SAGU;;2,50;0,00;-2,50;KG;42,41;0,00;-42,41
100355;PAO MINI FRANCES CONGELADO;;27,70;0,00;-27,70;KG;581,71;0,00;-581,71
100435;DOCE DE LEITE;;15,05;0,00;-15,05;KG;286,97;0,00;-286,97
100482;GOIABADA;;3,00;0,00;-3,00;KG;35,95;0,00;-35,95
100715;MINI COXINHA CONGELADA KG;;34,00;0,00;-34,00;KG;789,88;0,00;-789,88
100716;MINI CHURROS CONGELADO;;38,00;0,00;-38,00;KG;882,42;0,00;-882,42
100939;MINI CROISSANT CONGELADO;;20,50;0,00;-20,50;KG;1.024,88;0,00;-1.024,88
101212;CREME DE AVELA;;7,80;0,00;-7,80;KG;434,09;0,00;-434,09
122047;BROWNIE;;115,00;0,00;-115,00;UN;555,80;0,00;-555,80
188381;COBERTURA PARA SORVETE;;6,50;0,00;-6,50;KG;125,65;0,00;-125,65
188509;PAO HAMBURGUER CONGELADO;;168,00;0,00;-168,00;UN;317,67;0,00;-317,67
188608;PETIT GATEAU;;35,00;0,00;-35,00;UN;179,72;0,00;-179,72
189994;PAO SEM GLUTEN;;5,00;0,00;-5,00;UN;72,67;0,00;-72,67
400196;PAO SANDUICHE;;4,00;0,00;-4,00;UN;25,40;0,00;-25,40
400241;PAO DE FORMA;;52,00;0,00;-52,00;UN;664,16;0,00;-664,16
400261;PAO MINI AUSTRALIANO CONGELADO;;1,30;0,00;-1,30;KG;41,74;0,00;-41,74
400265;MINI PAO BETERRABA;;1,80;0,00;-1,80;KG;57,80;0,00;-57,80
400267;MINI PAO BAGUETE BRANCO KG;;9,60;0,00;-9,60;KG;190,14;0,00;-190,14
400278;MINI PAO DE CHOCOLATE CONGELADO;;4,00;0,00;-4,00;KG;255,87;0,00;-255,87
400289;PAO CACHORRO QUENTE;;1,00;0,00;-1,00;UN;18,00;0,00;-18,00
400329;PAO MULTIGRAOS CONGELADO;;7,00;0,00;-7,00;KG;292,60;0,00;-292,60
400333;PAO DE CHIA;;18,00;0,00;-18,00;UN;120,60;0,00;-120,60
400334;PAO PETIT 6 CEREALES CONGELADO;;9,43;0,00;-9,43;KG;294,86;0,00;-294,86
400335;PAO PETIT RUSTICO CONGELADO;;2,00;0,00;-2,00;KG;52,21;0,00;-52,21
400336;FOLHADO CONGELADO;;4,00;0,00;-4,00;KG;137,79;0,00;-137,79
400360;PAO MINI BAGUETE AUSTRALIANO CONGELADO;;5,80;0,00;-5,80;KG;188,40;0,00;-188,40
400361;PAO MINI HAMBURGUER CONGELADO UN;;84,00;0,00;-84,00;UN;143,13;0,00;-143,13
400364;PAO RUSTICO CONGELADO;;13,00;0,00;-13,00;KG;306,95;0,00;-306,95
400375;MASSA CUECA VIRADA;;2,00;0,00;-2,00;KG;51,80;0,00;-51,80
400397;BROA DE MILHO;;10,00;0,00;-10,00;KG;285,70;0,00;-285,70
400956;RINATO CONGELADO;;12,00;0,00;-12,00;KG;545,88;0,00;-545,88
500142;BISCOITO MAIZENA;;0,72;0,00;-0,72;KG;10,64;0,00;-10,64
500691;PAO MASSINHA CONGELADO KG;;2,70;0,00;-2,70;KG;83,70;0,00;-83,70
600332;BISCOITO MARIA;;0,70;0,00;-0,70;KG;10,96;0,00;-10,96
100026;PIZZA DIVERSOS 450 GR;;63,00;0,00;-63,00;UN;1.748,77;0,00;-1.748,77
100055;MASSA SPAGUETE;;16,00;0,00;-16,00;KG;235,70;0,00;-235,70
100252;MASSA FUSILLI;;5,00;0,00;-5,00;KG;45,05;0,00;-45,05
100590;MASSA DE PASTEL;;8,00;0,00;-8,00;KG;81,42;0,00;-81,42
100644;MASSA TALHARIM;;3,80;0,00;-3,80;KG;56,86;0,00;-56,86
100685;NHOQUE DE BATATA;;6,00;0,00;-6,00;KG;74,05;0,00;-74,05
100727;MASSA PARA PIZZA;;2,10;0,00;-2,10;KG;74,82;0,00;-74,82
100954;MINI PASTEL FORNO CONGELADO;;6,00;0,00;-6,00;KG;209,40;0,00;-209,40
100959;MASSA PAPPARDELLI;;1,95;0,00;-1,95;KG;76,05;0,00;-76,05
101148;MASSA TORTEI;;7,00;0,00;-7,00;KG;139,20;0,00;-139,20
122014;MASSA DE ARROZ S/GLUTEN;;1,20;0,00;-1,20;KG;47,47;0,00;-47,47
122043;CAPELETI RECHEADO KG;;1,50;0,00;-1,50;KG;37,95;0,00;-37,95
128124;MASSA WAFFLE;;6,72;0,00;-6,72;KG;296,93;0,00;-296,93
188172;MASSA BICHINHOS BAMBINI;;4,25;0,00;-4,25;KG;166,28;0,00;-166,28
188597;MASSA PENNE INTEGRAL;;13,00;0,00;-13,00;KG;304,16;0,00;-304,16
400038;MASSA PENNE;;6,50;0,00;-6,50;KG;46,62;0,00;-46,62
400385;MINI BAURU CONGELADO;;4,00;0,00;-4,00;KG;139,60;0,00;-139,60
200203;SUCO LARANJA INTEGRAL;;85,00;0,00;-85,00;LT;674,88;0,00;-674,88
201228;AGUA 20 LT;;2,00;0,00;-2,00;GF;74,00;0,00;-74,00
201258;AGUA DE COCO LT;;30,00;0,00;-30,00;LT;259,07;0,00;-259,07
700006;COCA COLA LATA SEM ACUCAR 350ML;;60,00;0,00;-60,00;LA;166,89;0,00;-166,89
700007;COCA COLA LATA 350ML;;55,00;0,00;-55,00;LA;152,43;0,00;-152,43
700044;SPRITE LATA 350ML;;35,00;0,00;-35,00;LA;95,25;0,00;-95,25
700045;SCHWEPPES TONICA LT 350ML;;18,00;0,00;-18,00;LA;51,97;0,00;-51,97
700055;GUARANA LATA SEM ACUCAR 350ML;;43,00;0,00;-43,00;LA;95,79;0,00;-95,79
700056;ENERGETICO;;39,00;0,00;-39,00;LA;293,92;0,00;-293,92
700058;GUARANA LATA 350ML;;41,00;0,00;-41,00;LA;91,44;0,00;-91,44
700142;FANTA LARANJA LT 350ML;;35,00;0,00;-35,00;LA;94,06;0,00;-94,06
700165;AGUA SEM GAS 350 ML LATA;;960,00;0,00;-960,00;LA;1.910,60;0,00;-1.910,60
700732;AGUA COM GAS 350ML LATA;;546,00;0,00;-546,00;UN;1.116,43;0,00;-1.116,43
171418;CERVEJA PREMIUIM LAGER 500ML;;41,00;0,00;-41,00;GF;487,90;0,00;-487,90
201066;RUM MALIBU 750 ML;;1,90;0,00;-1,90;GF;112,95;0,00;-112,95
201098;CERVEJA COLORADO APPIA 600 ML;;12,00;0,00;-12,00;GF;1.683,63;0,00;-1.683,63
232419;CERVEJA IPA 500ML;;48,00;0,00;-48,00;GF;667,20;0,00;-667,20
232551;CERVEJA WEISS BIER 500ML;;16,00;0,00;-16,00;GF;199,84;0,00;-199,84
234543;CERVEJA PREMIUM LAGER 600ML;;8,00;0,00;-8,00;GF;95,20;0,00;-95,20
264621;CERVEJA COLORADO LARGER 600ML;;17,00;0,00;-17,00;GF;168,78;0,00;-168,78
274665;CERVEJA BECKS LN;;55,00;0,00;-55,00;GF;231,63;0,00;-231,63
279170;CERVEJA RED ALE 600ML;;17,00;0,00;-17,00;GF;219,30;0,00;-219,30
279215;CERVEJA CORONA 330ML LN;;100,00;0,00;-100,00;GF;588,68;0,00;-588,68
700064;CERVEJA STELLA ARTOIS LN;;126,00;0,00;-126,00;GF;542,67;0,00;-542,67
700132;CERVEJA AL CAPONE IPA 500ML;;28,00;0,00;-28,00;GF;389,21;0,00;-389,21
700168;CERVEJA HEINEKEN LN;;335,00;0,00;-335,00;GF;1.994,94;0,00;-1.994,94
700232;CERVEJA AL CAPONE RED ALE 500 ML;;6,00;0,00;-6,00;GF;77,29;0,00;-77,29
700277;CERVEJA CARACU LATA 350 ML;;21,00;0,00;-21,00;LA;73,53;0,00;-73,53
701080;CERVEJA AMSTEL 473ML;;12,00;0,00;-12,00;LA;57,00;0,00;-57,00
701218;CERVEJA FLOW IPA - 355ML;;3,00;0,00;-3,00;GF;22,20;0,00;-22,20
208845;VINHO CORDILLERA ANDINA ROSE SYRAH;;2,00;0,00;-2,00;GF;89,87;0,00;-89,87
229240;VINHO CEU SOL SUL TANNAT;;2,00;0,00;-2,00;GF;98,00;0,00;-98,00
234525;VINHO BOTALCURA CODORNIZ CAB. SAUVIGNON;;3,00;0,00;-3,00;GF;165,83;0,00;-165,83
234600;VINHO BOTALCURA CODORNIZ MERLOT;;3,00;0,00;-3,00;GF;164,37;0,00;-164,37
264632;VINHO PANIZZON ANCELLOTA;;6,00;0,00;-6,00;GF;251,43;0,00;-251,43
264633;ESPUMANTE DON GUERINO BRUT;;2,00;0,00;-2,00;GF;118,37;0,00;-118,37
264638;VINHO ESPORAO PE BRANCO 750 ML;;2,00;0,00;-2,00;GF;87,26;0,00;-87,26
264641;VINHO PANIZZON SAUV BLANC 750;;2,00;0,00;-2,00;GF;71,89;0,00;-71,89
264669;VINHO GIACONDI ROSSO 750;;2,00;0,00;-2,00;GF;94,17;0,00;-94,17
274686;ESPUMANTE PANIZZON BRUT ROSE;;2,00;0,00;-2,00;GF;84,32;0,00;-84,32
277972;VINHO LA FINCA CABERNET SUAVIGNON 750 ML;;5,00;0,00;-5,00;GF;211,88;0,00;-211,88
278085;VINHO CASA VALDUGA CHARDONNAY 375ML;;5,00;0,00;-5,00;GF;188,92;0,00;-188,92
278267;VINHO COTES DU RHONE LEON PERDIGAL;;2,00;0,00;-2,00;GF;211,88;0,00;-211,88
278376;VINHO MIOLO RESERVA CAB/SAUV 750ML;;2,00;0,00;-2,00;GF;129,80;0,00;-129,80
278383;VINHO DON LAURINDO RESERVA CAB/SAU 375ML;;7,00;0,00;-7,00;GF;327,69;0,00;-327,69
278591;VINHO PANIZZON MOSCATEL;;2,00;0,00;-2,00;GF;87,07;0,00;-87,07
278593;VINHO LARENTIS CABERNET SAUV BAG 4LT;;2,00;0,00;-2,00;UN;233,48;0,00;-233,48
278594;VINHO LARENTIS CHARDONNAY BAG 4 LT;;2,00;0,00;-2,00;UN;238,00;0,00;-238,00
279232;VINHO ALENTEJO RAPARIGA DA QUINTA TT COL;;3,00;0,00;-3,00;GF;178,93;0,00;-178,93
279282;VINHO CEU SOL SUL CHARDONNAY;;2,00;0,00;-2,00;GF;98,00;0,00;-98,00
279534;VINHO CORDILLERA ANDINA CAB. SAUV. 375;;6,00;0,00;-6,00;GF;163,55;0,00;-163,55
279609;VINHO LOS HAROLDOS NAMPE MALBEC;;4,00;0,00;-4,00;GF;223,00;0,00;-223,00
279663;VINHO LEON DE TARAPACA SAUV. BLANC 187ML;;20,00;0,00;-20,00;GF;305,91;0,00;-305,91
279682;VINHO LOS HAROLDOS NAMPE TORRONTES;;2,00;0,00;-2,00;GF;116,90;0,00;-116,90
279728;VINHO LA BOCA BLACK LABEL MERLOT;;3,00;0,00;-3,00;GF;156,93;0,00;-156,93
279829;VINHO KLEIN KLOOF MOUNTAIN RED;;2,00;0,00;-2,00;GF;143,45;0,00;-143,45
700076;ESPUMANTE CHANDON BRUT ROSE;;4,00;0,00;-4,00;GF;436,00;0,00;-436,00
700226;VINHO COLIMAN CHARDONNAY;;2,00;0,00;-2,00;GF;83,16;0,00;-83,16
700227;VINHO VEO GRANDE RESERVA CARMENERE 750ML;;4,00;0,00;-4,00;GF;281,20;0,00;-281,20
700228;VINHO LEON DE TARAPACA CAB SAUVIG 187ML;;24,00;0,00;-24,00;GF;352,60;0,00;-352,60
700233;ESPUMANTE TERRANOVA MOSCATEL 750ML;;2,00;0,00;-2,00;GF;87,80;0,00;-87,80
700243;VINHO PUGLIA PRIMITIVO PRIMO ROSSO;;1,00;0,00;-1,00;GF;69,30;0,00;-69,30
700246;VINHO TARAPACA RESERVA CARMENERE 375 ML;;10,00;0,00;-10,00;GF;359,80;0,00;-359,80
700253;VINHO ERRAZURIZ CARMENERE 750 ML;;6,00;0,00;-6,00;GF;241,10;0,00;-241,10
700271;VINHO LOS HAROLDOS NAMPE MALBEC ROSE;;4,00;0,00;-4,00;GF;233,46;0,00;-233,46
700273;VINHO ALTA VISTA CLASSIC RESERVA MALBEC;;3,00;0,00;-3,00;GF;194,74;0,00;-194,74
700280;VINHO ERRAZURIZ COLLECTION CHARDONNAY;;4,00;0,00;-4,00;GF;160,73;0,00;-160,73
700281;VINHO TAYLOR S FINE RUBY;;1,00;0,00;-1,00;GF;119,00;0,00;-119,00
700282;VINHO CASA VALDUGA CABERNET SAUV 375ML;;8,00;0,00;-8,00;GF;297,99;0,00;-297,99
700284;VINHO PIZZORNO PROFECIA TANNAT;;2,00;0,00;-2,00;GF;129,74;0,00;-129,74
700285;VINHO ALMAUNICA RESERVA MERLOT;;4,00;0,00;-4,00;GF;470,82;0,00;-470,82
700286;VINHO NAVARRA CINCO VINAS TEMPRANILLO;;2,00;0,00;-2,00;GF;114,81;0,00;-114,81
700399;VINHO ESPORAO PE TINTO;;7,00;0,00;-7,00;GF;301,31;0,00;-301,31
700745;VINHO BORDEAUX CHATEAU LES MILLAUX;;1,00;0,00;-1,00;GF;94,28;0,00;-94,28
700778;VINHO BOTALCURA EL DELIRIO PINOT NOIR;;2,00;0,00;-2,00;GF;166,00;0,00;-166,00
700795;VINHO AMBICION ROSE;;3,00;0,00;-3,00;GF;135,00;0,00;-135,00
232665;VINHO PENINSULA DE SETUBAL AZEITAO TINTO;;2,00;0,00;-2,00;GF;116,76;0,00;-116,76
278080;VINHO CEU SOL SUL CABERNET SAUV;;4,00;0,00;-4,00;GF;188,55;0,00;-188,55
278364;VINHO PANIZZON PROSECCO BRUT;;4,00;0,00;-4,00;GF;189,23;0,00;-189,23
601187;VINHO ERRAZURIZ RES. CAB. SAUV. 750 ML;;3,00;0,00;-3,00;GF;122,18;0,00;-122,18
200015;LICOR AMARULA 750 ML;;0,75;0,00;-0,75;GF;83,09;0,00;-83,09
200017;WHISKY JOHNNIE WALKER BLACK LABEL;;3,50;0,00;-3,50;LT;537,75;0,00;-537,75
200024;LICOR STOCK;;1,22;0,00;-1,22;LT;75,82;0,00;-75,82
200038;VODKA SMIRNOFF;;3,70;0,00;-3,70;LT;143,20;0,00;-143,20
200040;CAMPARI 900 ML;;2,00;0,00;-2,00;LT;104,69;0,00;-104,69
200041;RUM BACARDI CARTA BRANCA 980 ML;;2,26;0,00;-2,26;LT;169,24;0,00;-169,24
200042;WHISKY JOHNNIE WALKER RED LABEL;;2,90;0,00;-2,90;LT;284,05;0,00;-284,05
200129;LICOR COINTREAU 700ML;;0,50;0,00;-0,50;LT;94,97;0,00;-94,97
200140;RUM BACARDI OURO;;1,20;0,00;-1,20;GF;49,98;0,00;-49,98
200177;WHISKY CHIVAS REGAL 12 ANOS;;1,90;0,00;-1,90;LT;294,56;0,00;-294,56
200314;LICOR DE CASSIS;;0,60;0,00;-0,60;LT;25,49;0,00;-25,49
200318;RUM HAVANA CLUB 3 ANOS;;0,70;0,00;-0,70;LT;75,95;0,00;-75,95
200321;WHISKY BUCANA'S;;0,70;0,00;-0,70;GF;118,22;0,00;-118,22
200350;MARTINI DRY;;2,00;0,00;-2,00;LT;83,40;0,00;-83,40
200351;VERMOUTH MARTINI ROSSO;;2,70;0,00;-2,70;LT;129,83;0,00;-129,83
200353;WHISKY JACK DANIELS;;2,30;0,00;-2,30;LT;289,13;0,00;-289,13
200356;VODKA ABSOLUT;;3,80;0,00;-3,80;LT;457,76;0,00;-457,76
200385;GIN TANQUERAY;;3,45;0,00;-3,45;LT;473,74;0,00;-473,74
200620;MARTINI BIANCO;;1,35;0,00;-1,35;GF;33,55;0,00;-33,55
200666;WHISKY JOHNNIE WALKER GOLD;;0,90;0,00;-0,90;LT;236,06;0,00;-236,06
200745;VODKA STOLICHNAYA;;0,75;0,00;-0,75;LT;129,00;0,00;-129,00
200962;CACHAÇA SAGATIBA 700  ML;;0,50;0,00;-0,50;LT;23,87;0,00;-23,87
201974;LICOR 43 DIEGO ZAMORA;;1,05;0,00;-1,05;LT;224,77;0,00;-224,77
202178;VODKA CIROC;;0,55;0,00;-0,55;LT;136,33;0,00;-136,33
232486;GIN AMAZZONI;;0,75;0,00;-0,75;LT;204,51;0,00;-204,51
232520;APEROL;;2,80;0,00;-2,80;LT;183,57;0,00;-183,57
274696;GIN BOMBAY;;0,75;0,00;-0,75;LT;99,99;0,00;-99,99
278223;LICOR LIMONCELLO VILLA MASSA;;1,20;0,00;-1,20;LT;292,16;0,00;-292,16
600224;TEQUILA JOSE CUERVO;;1,15;0,00;-1,15;LT;213,73;0,00;-213,73
700061;CONHAQUE HENNESSY XO 700 ML;;0,70;0,00;-0,70;LT;319,00;0,00;-319,00
700933;CONHAQUE PRESIDENTE;;2,50;0,00;-2,50;LT;38,22;0,00;-38,22
701326;LICOR FORMULA 700ML;;3,15;0,00;-3,15;LT;145,22;0,00;-145,22
100513;SUCO EM PO (KG);;15,00;0,00;-15,00;KG;163,22;0,00;-163,22
200145;POLPA DE FRUTA - SUCO;;6,12;0,00;-6,12;KG;108,11;0,00;-108,11
201963;SUCO INTEGRAL DE UVA;;95,00;0,00;-95,00;LT;1.142,29;0,00;-1.142,29
700001;SUCO LATA 290 ML;;20,00;0,00;-20,00;LA;54,95;0,00;-54,95
700072;SUCO INTEGRAL 300 ML;;16,00;0,00;-16,00;UN;96,97;0,00;-96,97
200711;CHAMPAGNE MOET & CHANDON BRUT IMPERIAL;;1,00;0,00;-1,00;GF;364,46;0,00;-364,46
279526;VINHO BRANCO LA VIEILLE FERME;;1,00;0,00;-1,00;GF;121,61;0,00;-121,61
279258;VINHO PORTO TAYLORS TAWNY;;1,00;0,00;-1,00;GF;119,00;0,00;-119,00
279841;VINHO TINTO CATENA MALBEC 2017;;1,00;0,00;-1,00;GF;198,00;0,00;-198,00
700063;VINHO MIOLO SELEÇAO CAB SAUV MERLO 750ML;;2,00;0,00;-2,00;GF;79,00;0,00;-79,00
700278;VINHO TINTO GARZON ESTATE TANNAT;;2,00;0,00;-2,00;GF;256,87;0,00;-256,87
700476;VINHO HARDYS STAMP SHIRAZ CABERNET SAUVI;;2,00;0,00;-2,00;GF;158,00;0,00;-158,00
188930;LARANJA DESIDRATADA;;0,50;0,00;-0,50;KG;33,84;0,00;-33,84
100006;BISCOITO AGUA E SAL KG;;0,72;0,00;-0,72;KG;14,67;0,00;-14,67
100019;BACON;;20,00;0,00;-20,00;KG;650,22;0,00;-650,22
100052;CHOCOLATE EM PO;;3,00;0,00;-3,00;KG;86,07;0,00;-86,07
100182;FERMENTO QUIMICO;;2,00;0,00;-2,00;KG;72,78;0,00;-72,78
100190;CAFE CAPPUCINO KG;;8,00;0,00;-8,00;KG;477,50;0,00;-477,50
100239;SALSICHA CACHORRO QUENTE KG;;6,40;0,00;-6,40;KG;170,34;0,00;-170,34
100263;GRANOLA;;4,50;0,00;-4,50;KG;112,87;0,00;-112,87
100341;DOCE DE FRUTAS (UN=1KG)-TODAS.;;4,80;0,00;-4,80;KG;54,01;0,00;-54,01
100464;PEITO FRANGO FATIADO - FRIOS;;3,00;0,00;-3,00;KG;100,35;0,00;-100,35
100514;TEMPEROS DIVERSOS;;0,25;0,00;-0,25;KG;37,42;0,00;-37,42
100677;GELEIA SABORES;;0,46;0,00;-0,46;KG;58,95;0,00;-58,95
100782;SALAME MILANO;;7,00;0,00;-7,00;KG;365,55;0,00;-365,55
100967;COOKIE CONGELADO;;24,00;0,00;-24,00;KG;679,21;0,00;-679,21
100968;PAO CONGELADO;;2,00;0,00;-2,00;KG;64,00;0,00;-64,00
101162;CHOCOLATE QUENTE PÓ;;1,00;0,00;-1,00;KG;99,94;0,00;-99,94
188345;CREME CULINARIO;;14,00;0,00;-14,00;KG;141,41;0,00;-141,41
188440;HIBISCO;;0,50;0,00;-0,50;KG;29,90;0,00;-29,90
188463;PASTA DE AMENDOIM;;1,50;0,00;-1,50;KG;78,92;0,00;-78,92
188935;LEITE DE AMENDOAS;;2,00;0,00;-2,00;LT;26,84;0,00;-26,84
188948;LEITE DE COCO EM PO;;0,70;0,00;-0,70;KG;97,21;0,00;-97,21
190272;BOLO CONGELADO UN;;11,00;0,00;-11,00;UN;189,61;0,00;-189,61
200037;IOGURTE LITRO;;18,40;0,00;-18,40;LT;284,12;0,00;-284,12
200070;IOGURTE NATURAL;;22,50;0,00;-22,50;LT;354,01;0,00;-354,01
400365;MINI EMPADINHA CONGELADA;;4,00;0,00;-4,00;KG;139,60;0,00;-139,60
800039;ANTIBACTERIAL;;9,00;0,00;-9,00;UN;756,83;0,00;-756,83
800042;FACILIN;;8,00;0,00;-8,00;LT;413,24;0,00;-413,24
800043;ALCOOL LIQUIDO 70°;;36,00;0,00;-36,00;LT;241,20;0,00;-241,20
800052;LUVA LATEX AMARELA M;;2,00;0,00;-2,00;PAR;35,80;0,00;-35,80
800057;ESPONJA DUPLA FACE;;30,00;0,00;-30,00;UN;24,45;0,00;-24,45
