100031;HAMBURGUER BOVINO UN;;374,00;97,00;-277,00;UN;2.191,92;568,49;-1.623,43
100059;CARNE CONTRA FILÉ S/ OSSO;;75,38;15,00;-60,38;KG;2.945,51;586,13;-2.359,38
100136;CARNE MAMINHA;;15,00;0,00;-15,00;KG;253,50;0,00;-253,50
100174;LINGUICA CALABRESA;;1,00;0,00;-1,00;KG;29,15;0,00;-29,15
100256;CARNE FILE MIGNON;;190,56;29,70;-160,86;KG;9.995,18;1.557,81;-8.437,38
100257;CARNE MOIDA;;40,00;5,50;-34,50;KG;1.221,92;168,01;-1.053,90
100280;LINGUIÇA COMUM;;9,40;0,00;-9,40;KG;124,74;0,00;-124,74
100468;CARNE PICANHA;;99,87;24,00;-75,87;KG;7.073,34;1.699,78;-5.373,57
100540;CARNE COSTELA;;79,80;39,30;-40,50;KG;1.815,11;893,91;-921,20
100547;CARNE COSTELA SUINA;;75,00;31,20;-43,80;KG;1.886,74;784,88;-1.101,86
100548;CARNE PALETA;;67,27;19,00;-48,27;KG;1.814,84;512,61;-1.302,23
188793;HAMBURGUER ANGUS;;17,00;0,00;-17,00;KG;560,15;0,00;-560,15
188834;LINGUIÇA MISTA;;4,30;0,00;-4,30;KG;93,09;0,00;-93,09
188884;LINGUIÇA DE CORDEIRO;;16,00;9,60;-6,40;KG;679,32;407,59;-271,73
400192;CARNE MOIDA ST;;40,00;0,00;-40,00;KG;1.008,00;0,00;-1.008,00
500533;LINGUICA TOSCANA;;10,00;0,00;-10,00;KG;159,00;0,00;-159,00
100029;FILE DE FRANGO;;112,05;22,70;-89,35;KG;1.798,62;364,38;-1.434,24
100386;FRANGO COXINHA DE ASA;;58,00;4,00;-54,00;KG;747,85;51,58;-696,27
100442;FRANGO COXA E SOBRECOXA;;66,00;27,00;-39,00;KG;702,66;287,45;-415,21
400541;FRANGO COXA E SOBRECOXA ST;;72,00;0,00;-72,00;KG;654,14;0,00;-654,14
100179;FILE DE PESCADA;;15,36;3,00;-12,36;KG;1.363,22;266,25;-1.096,97
100370;FILE DE SALMAO;;75,08;25,38;-49,70;KG;7.242,20;2.448,31;-4.793,89
100371;FILE DE TILAPIA;;66,00;12,00;-54,00;KG;2.117,40;384,98;-1.732,42
100499;CAMARAO CINZA COLINHA;;10,00;4,50;-5,50;KG;767,06;345,18;-421,88
100947;LOMBO DE ATUM;;14,78;6,82;-7,96;KG;1.107,24;510,92;-596,32
100020;SALAME ITALIANO;;5,00;0,00;-5,00;KG;271,39;0,00;-271,39
100038;BATATA PALITO CONGELADA 7mm;;216,00;44,00;-172,00;KG;2.425,84;494,15;-1.931,69
100044;SACHET MANTEIGA COM SAL;;992,00;580,00;-412,00;UNID;905,97;529,70;-376,27
100054;QUEIJO MINAS;;47,37;2,10;-45,27;KG;1.683,55;74,64;-1.608,92
100080;QUEIJO MUSSARELA;;91,95;7,50;-84,45;KG;2.877,20;234,69;-2.642,51
100099;QUEIJO PROVOLONE;;1,54;0,78;-0,77;KG;95,59;48,04;-47,55
100111;QUEIJO PARMESÃO;;25,30;8,25;-17,05;KG;1.553,98;506,79;-1.047,19
100155;CREME DE LEITE;;2,20;1,00;-1,20;KG;33,74;15,34;-18,41
100157;MARGARINA;;17,00;4,00;-13,00;KG;266,42;62,69;-203,74
100167;SORVETE (TODOS SABORES) KG;;42,16;27,00;-15,16;KG;1.651,55;1.057,68;-593,87
100185;MANTEIGA;;28,00;3,30;-24,70;KG;1.123,95;132,47;-991,48
100189;QUEIJO GORGONZOLA;;7,46;1,10;-6,36;KG;468,01;69,02;-398,99
100193;PRESUNTO;;44,00;9,50;-34,50;KG;1.109,84;239,62;-870,22
100202;QUEIJO MUSSARELA LEITE BUFALA;;0,40;0,00;-0,40;KG;26,99;0,00;-26,99
100209;NATA;;17,20;1,00;-16,20;KG;436,57;25,38;-411,19
100343;LEITE CONDENSADO;;46,37;11,59;-34,78;KG;534,34;133,53;-400,81
100459;QUEIJO CAMEMBERT;;0,25;0,48;0,23;KG;27,98;53,72;25,74
100536;MORTADELA;;4,32;0,00;-4,32;KG;138,43;0,00;-138,43
100561;QUEIJO GOUDA;;3,00;0,00;-3,00;KG;235,48;0,00;-235,48
100788;QUEIJO COALHO;;3,00;1,32;-1,69;KG;160,52;70,36;-90,16
100913;QUEIJO RICOTA;;4,00;1,50;-2,50;KG;129,33;48,50;-80,83
100964;TOFU;;2,00;0,73;-1,27;KG;79,80;29,05;-50,75
100977;QUEIJO GRANA PADANO;;1,89;0,66;-1,23;KG;271,86;94,32;-177,54
101125;SALAME PEPERONI;;1,00;0,50;-0,50;KG;57,58;28,79;-28,79
101196;PRESUNTO CRU;;0,30;0,50;0,20;KG;68,97;114,95;45,98
188334;BATATA RUSTICA CONGELADA;;70,00;10,00;-60,00;KG;1.021,12;145,87;-875,25
188468;MANDIOQUINHA CONGELADA;;7,08;0,00;-7,08;KG;180,05;0,00;-180,05
188822;BURRATA;;2,40;0,30;-2,10;KG;357,76;44,72;-313,04
200036;LEITE (UN=1L);;433,00;35,00;-398,00;LT;1.681,49;135,92;-1.545,57
201260;LEITE SEM LACTOSE LT;;22,00;5,00;-17,00;LT;89,61;20,37;-69,24
300349;POLENTA PALITO CONGELADA;;14,00;0,00;-14,00;KG;15,39;0,00;-15,39
400797;SACHET MANTEIGA SEM SAL;;850,00;480,00;-370,00;UN;794,30;448,55;-345,75
500987;CREAM CHEESE;;14,00;2,00;-12,00;KG;514,71;73,53;-441,18
700014;ACHOCOLATADO LIQUIDO 200 ML;;54,00;0,00;-54,00;UN;171,18;0,00;-171,18
100041;ALFACE;;234,00;0,00;-234,00;UN;697,09;0,00;-697,09
100064;MAMAO;;279,20;0,00;-279,20;KG;1.770,38;0,00;-1.770,38
100065;MELAO;;128,20;0,00;-128,20;KG;866,28;0,00;-866,28
100066;ABACAXI;;254,00;0,00;-254,00;UNID;2.076,10;0,00;-2.076,10
100067;LARANJA;;46,40;0,00;-46,40;KG;257,16;0,00;-257,16
100068;LIMAO;;67,49;0,00;-67,49;KG;305,83;0,00;-305,83
100069;BANANA;;97,80;0,00;-97,80;KG;558,71;0,00;-558,71
100070;BERINGELA;;14,75;0,00;-14,75;KG;69,35;0,00;-69,35
100071;TOMATE;;278,30;0,00;-278,30;KG;1.797,28;0,00;-1.797,28
100072;OVOS;;8.760,00;930,00;-7.830,00;UNID;5.094,55;540,86;-4.553,69
100073;BATATA;;98,00;0,00;-98,00;KG;1.127,00;0,00;-1.127,00
100074;CEBOLA;;57,70;0,00;-57,70;KG;401,09;0,00;-401,09
100101;MAÇA;;74,10;0,00;-74,10;KG;1.019,76;0,00;-1.019,76
100102;MANGA;;155,40;0,00;-155,40;KG;1.340,58;0,00;-1.340,58
100110;MELANCIA;;209,10;0,00;-209,10;KG;560,47;0,00;-560,47
100114;UVA;;17,10;0,00;-17,10;KG;349,29;0,00;-349,29
100115;MORANGO;;75,00;0,00;-75,00;BD;653,00;0,00;-653,00
100116;GOIABA;;17,93;0,00;-17,93;KG;224,13;0,00;-224,13
100135;PIMENTAO VERDE;;3,43;0,00;-3,43;KG;20,40;0,00;-20,40
100149;MANJERICAO;;22,00;0,00;-22,00;UN;44,00;0,00;-44,00
100150;MARACUJA;;5,00;0,00;-5,00;KG;65,90;0,00;-65,90
100152;RABANETE;;1,00;0,00;-1,00;KG;7,50;0,00;-7,50
100153;CENOURA;;95,70;0,00;-95,70;KG;563,61;0,00;-563,61
100154;SALSINHA/CEBOLINHA;;26,00;0,00;-26,00;UN;74,20;0,00;-74,20
100159;COUVE FLOR;;24,00;0,00;-24,00;UN;167,70;0,00;-167,70
100160;PIMENTAO AMARELO/VERMELHO;;10,29;0,00;-10,29;KG;175,18;0,00;-175,18
100168;BROCOLIS;;2,00;0,00;-2,00;UN;11,80;0,00;-11,80
100169;BETERRABA;;12,10;0,00;-12,10;KG;57,69;0,00;-57,69
100172;AMEIXA;;17,50;0,00;-17,50;KG;313,20;0,00;-313,20
100178;ERVILHA CONGELADA;;6,00;3,00;-3,00;KG;88,13;44,06;-44,06
100181;CAQUI;;1,30;0,00;-1,30;KG;14,95;0,00;-14,95
100184;VAGEM;;4,00;0,00;-4,00;KG;54,00;0,00;-54,00
100188;RUCULA;;53,00;0,00;-53,00;UN;169,25;0,00;-169,25
100216;AIPIM;;8,00;4,00;-4,00;KG;63,20;31,60;-31,60
100228;ABOBRINHA;;63,60;0,00;-63,60;KG;220,54;0,00;-220,54
100235;TOMILHO FRESCO;;5,00;0,00;-5,00;KG;15,00;0,00;-15,00
100262;PEPINO SALADA;;8,20;0,00;-8,20;KG;63,87;0,00;-63,87
100266;REPOLHO ROXO;;7,00;0,00;-7,00;UN;61,90;0,00;-61,90
100330;REPOLHO BRANCO;;7,00;0,00;-7,00;UN;38,00;0,00;-38,00
100332;KIWI;;5,00;0,00;-5,00;KG;129,00;0,00;-129,00
100333;HORTELA FOLHAS;;3,00;0,00;-3,00;KG;30,00;0,00;-30,00
100395;CHICORIA;;13,00;0,00;-13,00;UN;45,50;0,00;-45,50
100424;ABACATE;;9,98;0,00;-9,98;KG;69,27;0,00;-69,27
100466;CARAMBOLA;;1,10;0,00;-1,10;KG;18,20;0,00;-18,20
100470;CHUCHU;;2,00;0,00;-2,00;KG;11,80;0,00;-11,80
100473;ALFACE AMERICANA;;12,00;0,00;-12,00;UN;59,94;0,00;-59,94
100530;ALHO PORÓ;;44,00;0,00;-44,00;UN;245,20;0,00;-245,20
100565;MORANGA;;26,00;0,00;-26,00;KG;195,00;0,00;-195,00
100610;SALSAO;;4,00;0,00;-4,00;UN;44,00;0,00;-44,00
100630;GENGIBRE;;0,68;0,00;-0,68;KG;12,22;0,00;-12,22
100632;BATATA DOCE;;36,60;0,00;-36,60;KG;253,54;0,00;-253,54
100633;TOMATE CEREJA;;26,75;0,00;-26,75;KG;367,50;0,00;-367,50
100674;COUVE FOLHA;;25,00;0,00;-25,00;UNID;53,90;0,00;-53,90
100726;ALHO;;4,00;0,00;-4,00;KG;132,50;0,00;-132,50
100785;MANJERONA;;2,00;0,00;-2,00;UN;5,00;0,00;-5,00
100786;ALECRIM FRESCO;;8,00;0,00;-8,00;UN;20,00;0,00;-20,00
100888;ASPARGOS CONGELADOS;;3,00;2,00;-1,00;KG;116,18;77,45;-38,73
101151;FLOR COMESTIVEL;;24,00;0,00;-24,00;UN;120,00;0,00;-120,00
101154;PITAIA;;0,10;0,00;-0,10;KG;1,50;0,00;-1,50
122049;FRUTAS CONGELADAS KG;;20,00;4,00;-16,00;KG;749,50;149,90;-599,60
128122;ESPINAFRE CONGELADO;;7,00;2,00;-5,00;KG;80,65;23,04;-57,60
188410;MILHO CONGELADO;;1,60;0,00;-1,60;KG;32,53;0,00;-32,53
188411;VAGEM CONGELADA;;4,50;1,00;-3,50;KG;59,88;13,31;-46,57
394484;COENTRO;;5,00;0,00;-5,00;UN;12,70;0,00;-12,70
400152;COGUMELO PARIS KG;;1,60;0,00;-1,60;KG;88,00;0,00;-88,00
400189;COGUMELO SHITAKE FRESCO KG;;0,60;0,00;-0,60;KG;31,80;0,00;-31,80
500126;COGUMELO SHIMEJI;;2.400,00;0,00;-2.400,00;GR;175,49;0,00;-175,49
500137;COGUMELO SHITAKE FRESCO BD;;9,00;0,00;-9,00;BD;175,50;0,00;-175,50
500233;COGUMELO PARIS;;17,00;0,00;-17,00;BD;272,00;0,00;-272,00
500310;BROTO DE FEIJÃO;;7,50;0,00;-7,50;KG;71,20;0,00;-71,20
500326;BROCOLIS HIBRIDO;;37,00;0,00;-37,00;UN;181,30;0,00;-181,30
500412;ERVILHA TORTA;;2,00;0,00;-2,00;KG;140,00;0,00;-140,00
500687;ERVA DOCE;;0,02;0,00;-0,02;KG;10,00;0,00;-10,00
50291;CEBOLA ROXA;;18,80;0,00;-18,80;KG;201,20;0,00;-201,20
100048;OLEO DE SOJA;;115,00;13,50;-101,50;LT;752,23;88,31;-663,93
100051;TOMATE SECO;;2,00;0,60;-1,40;KG;176,30;52,89;-123,41
100076;SALVIA;;6,00;0,00;-6,00;KG;15,12;0,00;-15,12
100084;SAL REFINADO;;40,00;14,00;-26,00;KG;67,48;23,62;-43,86
100088;VINAGRE ALCOOL;;8,00;3,75;-4,25;LT;19,30;9,05;-10,26
100090;MAIONESE;;41,00;8,00;-33,00;KG;618,79;120,74;-498,05
100093;SAL GROSSO;;25,00;17,00;-8,00;KG;57,81;39,31;-18,50
100095;MOLHO SHOYO;;4,74;1,74;-3,00;LT;78,06;28,65;-49,40
100145;EXTRATO DE TOMATE;;40,32;2,00;-38,32;KG;454,62;22,55;-432,07
100196;SACHET SAL;;3.600,00;2,40;-3.597,60;UN;50,33;0,03;-50,29
100212;MOLHO INGLES;;5,00;4,00;-1,00;LT;3,61;2,89;-0,72
100271;CURRY;;1,00;1,50;0,50;KG;25,80;38,70;12,90
100273;CATCHUP;;13,92;1,00;-12,92;KG;214,06;15,38;-198,68
100275;CALDO DE GALINHA (KG);;3,02;3,00;-0,02;KG;53,05;52,70;-0,35
100297;MOSTARDA AMARELA;;9,00;1,30;-7,70;KG;224,08;32,37;-191,71
100302;PAPRICA PICANTE;;1,00;0,50;-0,50;KG;29,80;14,90;-14,90
100304;ACAFRAO;;1,00;0,00;-1,00;KG;27,15;0,00;-27,15
100309;PIMENTA (KG);;1,30;0,70;-0,60;KG;29,91;16,11;-13,81
100316;AZEITE DE OLIVA (LITRO);;13,00;6,50;-6,50;LT;1.222,06;611,03;-611,03
100327;SACHET AZEITE DE OLIVA;;500,00;300,00;-200,00;UN;259,24;155,54;-103,70
100385;MOLHO DE PIMENTA TABASCO;;7,00;8,00;1,00;UN;141,85;162,11;20,26
100430;LOURO;;0,01;0,00;-0,01;KG;5,00;0,00;-5,00
100475;SACHET VINAGRE 8ML;;1.075,00;950,00;-125,00;UN;159,05;140,55;-18,49
100595;ESSENCIA DE BAUNILHA;;2,00;1,50;-0,50;LT;33,17;24,88;-8,29
100701;OLEO COMPOSTO;;1,00;0,50;-0,50;LT;28,52;14,26;-14,26
100783;AZEITE DENDE;;1,00;0,80;-0,20;LT;59,85;47,88;-11,97
122011;ADOBO KG;;3,00;2,00;-1,00;KG;120,60;80,40;-40,20
122081;OLEO DE ALGODÃO;;159,80;51,50;-108,30;LT;1.526,96;492,10;-1.034,85
188333;CONDIMENTO BALSAMICO BRANCO 500ML;;2,00;0,00;-2,00;LT;77,92;0,00;-77,92
200226;VINHO COZINHA BAG BOX BRANCO/TINTO;;18,88;8,88;-10,00;LT;153,04;71,98;-81,06
500089;PIMENTA PRETA GRÃO;;1,00;1,50;0,50;KG;53,80;80,70;26,90
500180;AZEITE DE OLIVA COMPOSTO;;32,04;8,00;-24,04;LT;767,36;191,60;-575,76
500247;ACETO BALSÂMICO;;1,00;0,50;-0,50;LT;85,87;42,93;-42,93
100002;CEREAL MATINAL SEM AÇUCAR;;2,10;1,00;-1,10;KG;148,99;70,95;-78,04
100003;***NÃO USAR*** CEREAL MATINAL COM AÇUCAR;;1,00;0,00;-1,00;KG;34,52;0,00;-34,52
100014;SACHET AÇUCAR;;2.450,00;500,00;-1.950,00;UNID;132,03;26,95;-105,09
100015;SACHET ADOCANTE;;2.000,00;1.200,00;-800,00;UNID;171,26;102,76;-68,50
100039;GELATINA SEM SABOR;;2,40;0,18;-2,22;KG;52,68;3,95;-48,73
100050;CAFE A VÁCUO EM PO;;52,00;17,50;-34,50;KG;2.166,22;729,02;-1.437,21
100062;ARROZ BRANCO;;160,00;36,00;-124,00;KG;938,55;211,17;-727,38
100087;FARINHA DE TRIGO;;104,00;27,00;-77,00;KG;438,73;113,90;-324,83
100089;ACUCAR REFINADO;;121,00;38,00;-83,00;KG;582,54;182,95;-399,59
100094;AMIDO DE MILHO;;10,00;8,50;-1,50;KG;149,07;126,71;-22,36
100148;ACHOCOLATADO PO;;9,80;5,20;-4,60;KG;725,80;385,12;-340,68
100171;LEITE EM PO;;3,00;2,10;-0,90;KG;329,47;230,63;-98,84
100186;BATATA PALHA;;4,00;3,00;-1,00;KG;125,34;94,01;-31,34
100201;CASTANHA DE CAJU;;3,00;1,00;-2,00;KG;207,90;69,30;-138,60
100210;ARROZ ARBORIO;;25,00;13,00;-12,00;KG;427,08;222,08;-205,00
100230;DAMASCO;;4,50;1,00;-3,50;KG;383,80;85,29;-298,51
100231;UVA PASSA;;6,00;1,50;-4,50;KG;160,54;40,13;-120,40
100234;AÇUCAR MASCAVO;;12,00;6,50;-5,50;KG;160,41;86,89;-73,52
100254;FARINHA DE AVEIA;;4,00;3,10;-0,90;KG;79,76;61,82;-17,95
100294;CHANTILLY;;3,25;1,00;-2,25;LT;329,37;101,35;-228,03
100313;FARINHA DE MANDIOCA;;8,00;7,00;-1,00;KG;76,86;67,26;-9,61
100323;LEITE DE COCO;;51,00;15,50;-35,50;LT;746,55;226,89;-519,66
100324;COCO RALADO;;2,50;0,80;-1,70;KG;111,13;35,56;-75,57
100342;ARROZ AMARELO;;6,00;0,00;-6,00;KG;60,54;0,00;-60,54
100415;FARINHA DE ROSCA;;14,00;6,00;-8,00;KG;137,29;58,84;-78,45
100427;ARROZ INTEGRAL;;14,00;5,00;-9,00;KG;135,07;48,24;-86,83
100432;GERGELIM;;0,50;0,00;-0,50;KG;17,90;0,00;-17,90
100433;FEIJAO PRETO;;70,00;13,00;-57,00;KG;652,30;121,14;-531,16
100437;FAROFA PRONTA;;22,40;6,40;-16,00;KG;268,98;76,85;-192,13
100443;AMENDOIM;;6,00;1,00;-5,00;KG;156,60;26,10;-130,50
100449;CHOCOLATE GRANULADO;;2,00;0,71;-1,29;KG;53,68;19,06;-34,62
100450;CAFE EM GRAO;;14,00;2,00;-12,00;KG;1.358,16;194,02;-1.164,14
100478;ACUCAR DE CONFEITEIRO;;3,00;1,50;-1,50;KG;29,70;14,85;-14,85
100501;NOZES;;2,00;0,72;-1,28;KG;167,60;60,34;-107,26
100541;POLVILHO;;2,00;0,00;-2,00;KG;28,80;0,00;-28,80
100602;FERMENTO QUIMICO;;2,50;0,70;-1,80;KG;78,16;21,88;-56,28
100627;CAFE SOLUVEL;;2,00;1,62;-0,38;KG;376,71;305,13;-71,57
100691;LINHAÇA;;3,00;1,50;-1,50;KG;60,17;30,09;-30,09
100703;SACHET AÇUCAR MASCAVO;;650,00;500,00;-150,00;UN;87,69;67,45;-20,24
100707;AMENDOAS;;3,00;1,00;-2,00;KG;256,46;85,49;-170,98
100884;LEITE DE SOJA;;3,00;6,00;3,00;LT;40,26;80,52;40,26
100893;NESCAFE CAPPUCCINO LATTE;;5,00;0,00;-5,00;KG;783,81;0,00;-783,81
100900;ERVA MATE;;1,00;0,00;-1,00;KG;204,98;0,00;-204,98
100921;AVEIA EM FLOCOS;;3,00;1,00;-2,00;KG;50,40;16,80;-33,60
100933;NESCAFE ALPINO;;10,80;5,50;-5,30;KG;1.729,33;880,68;-848,65
101111;TAPIOCA MASSA PRONTA;;26,00;6,50;-19,50;KG;527,41;131,85;-395,56
101113;FARINHA DE ARROZ;;9,50;2,50;-7,00;KG;102,60;27,00;-75,60
101116;CAFE RISTRETTO;;100,00;0,00;-100,00;UN;220,00;0,00;-220,00
101228;CHIA;;4,00;0,50;-3,50;KG;141,71;17,71;-123,99
101231;BARRA DE CEREAL;;49,00;48,00;-1,00;UN;72,17;70,70;-1,47
188142;MAÇA DESIDRATADA KG;;0,50;0,20;-0,30;KG;19,90;7,96;-11,94
188386;SACHET AÇUCAR ORGÂNICO;;750,00;1.200,00;450,00;UN;42,48;67,97;25,49
188946;CHIPS DE BANANA;;2,00;1,00;-1,00;KG;121,60;60,80;-60,80
190336;MIX DE CASTANHA;;3,50;1,00;-2,50;KG;277,81;79,38;-198,44
349396;FARINHA DE MILHO;;9,00;7,00;-2,00;KG;78,51;61,06;-17,45
400009;CHA DIVERSOS SABORES;;1.140,00;380,00;-760,00;UN;1.310,09;436,70;-873,39
400181;ARROZ VERMELHO;;2,00;0,00;-2,00;KG;61,90;0,00;-61,90
400539;CEREAL MATINAL COM AÇUCAR;;1,00;0,94;-0,06;KG;25,80;24,25;-1,55
500451;CASTANHA DO PARA;;3,00;1,50;-1,50;KG;253,53;126,77;-126,77
500637;FARINHA DE AMENDOAS;;2,00;0,50;-1,50;KG;179,98;45,00;-134,99
100040;ATUM EM CONSERVA;;2,02;0,68;-1,34;KG;71,40;24,03;-47,36
100108;AZEITONAS VERDES;;3,04;1,60;-1,44;KG;125,18;65,88;-59,30
100180;PEPINO CONSERVA;;3,50;1,80;-1,70;KG;115,10;59,19;-55,90
100229;OVO DE CODORNA CONSERVA;;2,80;0,90;-1,90;KG;153,84;49,45;-104,39
100250;PALMITO EM CONSERVA;;38,20;10,80;-27,40;KG;1.798,19;508,39;-1.289,80
100141;PAO DE QUEIJO CONGELADO;;144,00;22,00;-122,00;KG;2.577,68;393,81;-2.183,87
100173;CHOCOLATE EM BARRA (KG);;21,20;10,00;-11,20;KG;736,84;347,56;-389,27
100233;MELADO;;4,00;1,00;-3,00;KG;59,60;14,90;-44,70
100242;MEL ABELHA;;13,00;3,00;-10,00;KG;449,68;103,77;-345,91
100259;TORTA GELADA;;18,00;4,00;-14,00;UN;141,80;31,51;-110,29
100315;SAGU;;4,00;3,50;-0,50;KG;67,85;59,37;-8,48
100355;PAO MINI FRANCES CONGELADO;;38,60;10,80;-27,80;KG;810,70;226,83;-583,87
100435;DOCE DE LEITE;;25,30;0,00;-25,30;KG;533,34;0,00;-533,34
100482;GOIABADA;;6,00;0,90;-5,10;KG;69,48;10,42;-59,06
100543;SACHET BISCOITO DOCE;;180,00;50,00;-130,00;UN;110,82;30,78;-80,04
100551;PAO SIRIO KG;;1,28;0,60;-0,68;KG;31,96;14,98;-16,98
100639;TARTELETE (PCT C/64UN);;18,00;0,00;-18,00;UN;108,01;0,00;-108,01
100715;MINI COXINHA CONGELADA KG;;60,00;6,00;-54,00;KG;1.433,45;143,35;-1.290,11
100716;MINI CHURROS CONGELADO;;54,00;2,00;-52,00;KG;1.290,44;47,79;-1.242,65
100766;PANETONE;;3,20;2,40;-0,80;KG;178,90;134,18;-44,73
100877;SALGADOS/DOCES CONGELADOS;;12,00;4,00;-8,00;KG;389,01;129,67;-259,34
100939;MINI CROISSANT CONGELADO;;35,00;2,00;-33,00;KG;1.433,40;81,91;-1.351,49
101126;MUFFINS;;3,00;0,00;-3,00;UN;12,15;0,00;-12,15
101202;AÇAI POTE;;12,00;9,00;-3,00;UN;88,20;66,15;-22,05
101212;CREME DE AVELA;;9,50;0,65;-8,85;KG;579,67;39,66;-540,01
122047;BROWNIE;;242,00;130,00;-112,00;UN;1.195,02;641,95;-553,07
188381;COBERTURA PARA SORVETE;;8,00;5,20;-2,80;KG;166,15;108,00;-58,15
188509;PAO HAMBURGUER CONGELADO;;330,00;60,00;-270,00;UN;658,69;119,76;-538,93
188608;PETIT GATEAU;;47,00;32,00;-15,00;UN;429,95;292,73;-137,22
188715;CHEESECAKE CONGELADO;;18,00;4,00;-14,00;UN;150,67;33,48;-117,19
188737;PAO BAGUETE CONGELADO KG;;19,92;1,20;-18,72;KG;421,08;25,37;-395,71
189994;PAO SEM GLUTEN;;24,00;2,00;-22,00;UN;362,46;30,20;-332,25
400241;PAO DE FORMA;;126,00;0,00;-126,00;UN;1.100,44;0,00;-1.100,44
400252;PAO DE LINHO;;4,00;0,00;-4,00;UN;23,96;0,00;-23,96
400254;PAO MINI ITALIANO CONGELADO;;15,50;0,50;-15,00;KG;363,14;11,71;-351,43
400260;PAO MINI CIABATA CONGELADO;;5,00;0,00;-5,00;KG;114,95;0,00;-114,95
400265;MINI PAO BETERRABA;;1,80;0,00;-1,80;KG;57,80;0,00;-57,80
400267;MINI PAO BAGUETE BRANCO KG;;27,00;2,70;-24,30;KG;483,30;48,33;-434,97
400278;MINI PAO DE CHOCOLATE CONGELADO;;22,00;0,00;-22,00;KG;1.387,76;0,00;-1.387,76
400333;PAO DE CHIA;;44,00;0,00;-44,00;UN;276,34;0,00;-276,34
400334;PAO PETIT 6 CEREALES CONGELADO;;5,00;2,46;-2,54;KG;136,34;67,08;-69,26
400335;PAO PETIT RUSTICO CONGELADO;;9,43;0,00;-9,43;KG;234,14;0,00;-234,14
400336;FOLHADO CONGELADO;;2,00;4,00;2,00;KG;68,89;137,79;68,89
400360;PAO MINI BAGUETE AUSTRALIANO CONGELADO;;8,40;3,50;-4,90;KG;266,35;110,98;-155,37
400361;PAO MINI HAMBURGUER CONGELADO UN;;240,00;1,40;-238,60;UN;258,94;1,51;-257,43
400397;BROA DE MILHO;;10,00;4,00;-6,00;KG;289,00;115,60;-173,40
400479;PASTEL DE BELEM UN;;48,00;0,00;-48,00;UN;182,00;0,00;-182,00
400504;PAO PETIT ITALIAN CONGELADO;;2,00;0,60;-1,40;KG;49,66;14,90;-34,76
400956;RINATO CONGELADO;;28,00;6,00;-22,00;KG;1.313,20;281,40;-1.031,80
600332;BISCOITO MARIA;;4,60;0,00;-4,60;KG;64,79;0,00;-64,79
100026;PIZZA DIVERSOS 450 GR;;105,00;12,00;-93,00;UN;2.957,72;338,03;-2.619,69
100055;MASSA SPAGUETE;;49,00;20,00;-29,00;KG;616,36;251,57;-364,78
100590;MASSA DE PASTEL;;4,00;2,00;-2,00;KG;60,02;30,01;-30,01
100727;MASSA PARA PIZZA;;10,50;2,32;-8,18;KG;374,10;82,66;-291,44
122014;MASSA DE ARROZ S/GLUTEN;;4,80;5,80;1,00;KG;189,46;228,93;39,47
128124;MASSA WAFFLE;;1,00;0,84;-0,16;KG;56,71;47,63;-9,07
188172;MASSA BICHINHOS BAMBINI;;2,00;3,40;1,40;KG;78,25;133,02;54,77
188523;POLPETONE RECHEADO KG;;0,00;2,50;2,50;KG;0,00;29,81;29,81
188597;MASSA PENNE INTEGRAL;;16,00;14,50;-1,50;KG;374,35;339,25;-35,10
400038;MASSA PENNE;;8,00;0,50;-7,50;KG;54,97;3,44;-51,53
200021;AGUA 350 ML S/GAS;;419,00;0,00;-419,00;UN;959,51;0,00;-959,51
200203;SUCO LARANJA INTEGRAL;;565,00;75,00;-490,00;LT;4.790,97;635,97;-4.155,00
201228;AGUA 20 LT;;3,00;0,00;-3,00;GF;111,00;0,00;-111,00
201258;AGUA DE COCO LT;;44,00;20,00;-24,00;LT;377,12;171,42;-205,70
700006;COCA COLA LATA SEM ACUCAR 350ML;;431,00;72,00;-359,00;LA;1.197,00;199,96;-997,04
700007;COCA COLA LATA 350ML;;506,00;156,00;-350,00;LA;1.390,66;428,74;-961,92
700025;SCHWEPPES CITRUS LT 350 ML;;74,00;32,00;-42,00;LA;199,56;86,30;-113,26
700044;SPRITE LATA 350ML;;43,00;0,00;-43,00;LA;117,03;0,00;-117,03
700045;SCHWEPPES TONICA LT 350ML;;71,00;24,00;-47,00;LA;287,12;97,05;-190,06
700055;GUARANA LATA SEM ACUCAR 350ML;;117,00;25,00;-92,00;LA;265,47;56,73;-208,75
700056;ENERGETICO;;64,00;12,00;-52,00;LA;480,77;90,14;-390,62
700058;GUARANA LATA 350ML;;106,00;31,00;-75,00;LA;241,08;70,50;-170,57
700142;FANTA LARANJA LT 350ML;;39,00;3,00;-36,00;LA;101,32;7,79;-93,52
700165;AGUA SEM GAS 350 ML LATA;;1.404,00;168,00;-1.236,00;LA;3.215,16;384,72;-2.830,44
700222;CHA ICE TEA 300 ML;;26,00;0,00;-26,00;UN;65,77;0,00;-65,77
700240;AGUA SEM GAS 500 ML CAIXA;;564,00;0,00;-564,00;UN;1.291,56;0,00;-1.291,56
700732;AGUA COM GAS 350ML LATA;;637,00;48,00;-589,00;UN;1.519,68;114,51;-1.405,17
200079;CHOPP;;30,00;0,00;-30,00;LT;390,00;0,00;-390,00
201066;RUM MALIBU 750 ML;;3,00;14,00;11,00;GF;178,34;832,25;653,91
201098;CERVEJA COLORADO APPIA 600 ML;;3,00;6,00;3,00;GF;420,90;841,80;420,90
232419;CERVEJA IPA 500ML;;49,00;7,00;-42,00;GF;681,10;97,30;-583,80
232551;CERVEJA WEISS BIER 500ML;;25,00;0,00;-25,00;GF;312,25;0,00;-312,25
234543;CERVEJA PREMIUM LAGER 600ML;;66,00;18,00;-48,00;GF;785,40;214,20;-571,20
264621;CERVEJA COLORADO LARGER 600ML;;23,00;15,00;-8,00;GF;228,37;148,94;-79,43
274665;CERVEJA BECKS LN;;103,00;84,00;-19,00;GF;434,51;354,36;-80,15
279170;CERVEJA RED ALE 600ML;;18,00;0,00;-18,00;GF;232,20;0,00;-232,20
279215;CERVEJA CORONA 330ML LN;;185,00;41,00;-144,00;GF;1.089,12;241,37;-847,75
700064;CERVEJA STELLA ARTOIS LN;;178,00;54,00;-124,00;GF;766,82;232,63;-534,19
700168;CERVEJA HEINEKEN LN;;556,00;148,00;-408,00;GF;3.455,43;919,79;-2.535,64
700232;CERVEJA AL CAPONE RED ALE 500 ML;;14,00;9,00;-5,00;GF;180,33;115,93;-64,40
700277;CERVEJA CARACU LATA 350 ML;;37,00;17,00;-20,00;LA;129,55;59,52;-70,03
700558;CERVEJA PATAGONIA  600ML;;23,00;0,00;-23,00;GF;269,31;0,00;-269,31
701218;CERVEJA FLOW IPA - 355ML;;4,00;5,00;1,00;GF;29,60;37,00;7,40
229240;VINHO CEU SOL SUL TANNAT;;4,00;2,00;-2,00;GF;196,00;98,00;-98,00
234525;VINHO BOTALCURA CODORNIZ CAB. SAUVIGNON;;2,00;3,00;1,00;GF;110,56;165,83;55,28
234600;VINHO BOTALCURA CODORNIZ MERLOT;;2,00;0,00;-2,00;GF;111,33;0,00;-111,33
264632;VINHO PANIZZON ANCELLOTA;;7,00;4,00;-3,00;GF;315,00;180,00;-135,00
264633;ESPUMANTE DON GUERINO BRUT;;2,00;3,00;1,00;GF;118,37;177,55;59,18
264638;VINHO ESPORAO PE BRANCO 750 ML;;4,00;3,00;-1,00;GF;180,00;135,00;-45,00
264640;ESPUMANTE PANIZZON CHARDONNAY;;1,00;3,00;2,00;GF;39,40;118,21;78,81
264641;VINHO PANIZZON SAUV BLANC 750;;4,00;2,00;-2,00;GF;155,60;77,80;-77,80
264669;VINHO GIACONDI ROSSO 750;;3,00;2,00;-1,00;GF;146,67;97,78;-48,89
274685;VINHO BOTALCURA CODORNIZ SAUVIGNON BLANC;;3,00;2,00;-1,00;GF;172,00;114,67;-57,33
274686;ESPUMANTE PANIZZON BRUT ROSE;;3,00;1,00;-2,00;GF;134,49;44,83;-89,66
277972;VINHO LA FINCA CABERNET SUAVIGNON 750 ML;;6,00;3,00;-3,00;GF;269,39;134,70;-134,70
278085;VINHO CASA VALDUGA CHARDONNAY 375ML;;4,00;3,00;-1,00;GF;158,00;118,50;-39,50
278111;ESPUMANTE CASA PERINI BRUT 375 ML;;8,00;2,00;-6,00;GF;255,20;63,80;-191,40
278267;VINHO COTES DU RHONE LEON PERDIGAL;;3,00;2,00;-1,00;GF;317,83;211,88;-105,94
278376;VINHO MIOLO RESERVA CAB/SAUV 750ML;;3,00;2,00;-1,00;GF;194,70;129,80;-64,90
278383;VINHO DON LAURINDO RESERVA CAB/SAU 375ML;;11,00;7,00;-4,00;GF;544,50;346,50;-198,00
278591;VINHO PANIZZON MOSCATEL;;4,00;3,00;-1,00;GF;179,60;134,70;-44,90
278593;VINHO LARENTIS CABERNET SAUV BAG 4LT;;4,00;3,00;-1,00;UN;476,00;357,00;-119,00
278594;VINHO LARENTIS CHARDONNAY BAG 4 LT;;2,00;4,00;2,00;UN;238,00;476,00;238,00
279147;VINHO BOTALCURA EL DELIRIO SYRAH MALBEC;;2,00;0,00;-2,00;GF;148,77;0,00;-148,77
279232;VINHO ALENTEJO RAPARIGA DA QUINTA TT COL;;4,00;3,00;-1,00;GF;248,00;186,00;-62,00
279282;VINHO CEU SOL SUL CHARDONNAY;;3,00;1,00;-2,00;GF;147,00;49,00;-98,00
279534;VINHO CORDILLERA ANDINA CAB. SAUV. 375;;8,00;3,00;-5,00;GF;235,98;88,49;-147,48
279609;VINHO LOS HAROLDOS NAMPE MALBEC;;6,00;3,00;-3,00;GF;351,79;175,90;-175,90
279663;VINHO LEON DE TARAPACA SAUV. BLANC 187ML;;23,00;12,00;-11,00;GF;365,69;190,80;-174,90
279727;VINHO NIEL JOUBERT PINOTAGE;;1,00;0,00;-1,00;GF;90,01;0,00;-90,01
279729;VINHO HARDYS STAMP CAB SAUV MERLOT;;2,00;0,00;-2,00;GF;143,39;0,00;-143,39
700076;ESPUMANTE CHANDON BRUT ROSE;;4,00;2,00;-2,00;GF;436,00;218,00;-218,00
700164;VINHO DEL GRANO BRANCO SECO 1480ML;;4,00;0,00;-4,00;GF;48,32;0,00;-48,32
700226;VINHO COLIMAN CHARDONNAY;;2,00;0,00;-2,00;GF;90,00;0,00;-90,00
700227;VINHO VEO GRANDE RESERVA CARMENERE 750ML;;5,00;3,00;-2,00;GF;371,50;222,90;-148,60
700228;VINHO LEON DE TARAPACA CAB SAUVIG 187ML;;64,00;22,00;-42,00;GF;1.017,60;349,80;-667,80
700233;ESPUMANTE TERRANOVA MOSCATEL 750ML;;4,00;3,00;-1,00;GF;175,60;131,70;-43,90
700243;VINHO PUGLIA PRIMITIVO PRIMO ROSSO;;4,00;3,00;-1,00;GF;299,05;224,29;-74,76
700246;VINHO TARAPACA RESERVA CARMENERE 375 ML;;7,00;5,00;-2,00;GF;265,30;189,50;-75,80
700253;VINHO ERRAZURIZ CARMENERE 750 ML;;11,00;7,00;-4,00;GF;471,90;300,30;-171,60
700271;VINHO LOS HAROLDOS NAMPE MALBEC ROSE;;4,00;3,00;-1,00;GF;233,46;175,10;-58,37
700279;VINHO ANDELUNA 1300 MALBEC;;1,00;0,00;-1,00;GF;94,40;0,00;-94,40
700280;VINHO ERRAZURIZ COLLECTION CHARDONNAY;;2,00;1,00;-1,00;GF;85,80;42,90;-42,90
700282;VINHO CASA VALDUGA CABERNET SAUV 375ML;;6,00;4,00;-2,00;GF;237,00;158,00;-79,00
700285;VINHO ALMAUNICA RESERVA MERLOT;;4,00;1,00;-3,00;GF;498,35;124,59;-373,76
700745;VINHO BORDEAUX CHATEAU LES MILLAUX;;2,00;1,00;-1,00;GF;188,55;94,28;-94,28
700778;VINHO BOTALCURA EL DELIRIO PINOT NOIR;;6,00;3,00;-3,00;GF;497,99;249,00;-249,00
232665;VINHO PENINSULA DE SETUBAL AZEITAO TINTO;;3,00;2,00;-1,00;GF;175,14;116,76;-58,38
278080;VINHO CEU SOL SUL CABERNET SAUV;;4,00;1,00;-3,00;GF;196,00;49,00;-147,00
278364;VINHO PANIZZON PROSECCO BRUT;;3,00;4,00;1,00;GF;146,70;195,60;48,90
200017;WHISKY JOHNNIE WALKER BLACK LABEL;;1,80;1,30;-0,50;LT;283,86;205,01;-78,85
200024;LICOR STOCK;;0,90;0,85;-0,05;LT;54,97;51,91;-3,05
200038;VODKA SMIRNOFF;;4,80;2,99;-1,81;LT;200,36;124,98;-75,39
200040;CAMPARI 900 ML;;4,00;3,60;-0,40;LT;209,17;188,44;-20,73
200041;RUM BACARDI CARTA BRANCA 980 ML;;2,46;2,50;0,04;LT;184,21;187,21;3,00
200042;WHISKY JOHNNIE WALKER RED LABEL;;4,00;3,45;-0,55;LT;391,80;337,93;-53,87
200129;LICOR COINTREAU 700ML;;0,70;0,00;-0,70;LT;143,90;0,00;-143,90
200130;AGUARDENTE YPIOCA OURO;;0,97;0,75;-0,22;LT;23,47;18,24;-5,23
200177;WHISKY CHIVAS REGAL 12 ANOS;;3,00;2,00;-1,00;LT;465,10;310,07;-155,03
200314;LICOR DE CASSIS;;1,70;2,25;0,55;LT;72,23;95,59;23,37
200318;RUM HAVANA CLUB 3 ANOS;;1,20;1,50;0,30;LT;130,20;162,76;32,55
200321;WHISKY BUCANA'S;;0,00;1,40;1,40;GF;0,00;236,45;236,45
200350;MARTINI DRY;;1,90;1,55;-0,35;LT;78,79;64,28;-14,51
200351;VERMOUTH MARTINI ROSSO;;3,70;0,75;-2,95;LT;178,99;36,28;-142,71
200353;WHISKY JACK DANIELS;;3,40;1,10;-2,30;LT;451,66;146,12;-305,53
200356;VODKA ABSOLUT;;5,50;3,00;-2,50;LT;662,54;361,39;-301,15
200385;GIN TANQUERAY;;3,65;0,00;-3,65;LT;550,93;0,00;-550,93
200620;MARTINI BIANCO;;0,75;1,20;0,45;GF;18,64;29,83;11,18
200665;AGUARDENTE YPIOCA PRATA;;0,97;0,50;-0,47;LT;21,76;11,27;-10,49
200666;WHISKY JOHNNIE WALKER GOLD;;0,70;0,50;-0,20;LT;193,90;138,50;-55,40
200745;VODKA STOLICHNAYA;;1,50;0,75;-0,75;LT;258,00;129,00;-129,00
200962;CACHAÇA SAGATIBA 700  ML;;1,40;1,90;0,50;LT;66,84;90,71;23,87
201159;RUM BACARDI GOLD 980 ML;;2,00;2,80;0,80;UN;82,32;115,25;32,93
232486;GIN AMAZZONI;;0,75;1,25;0,50;LT;204,51;340,85;136,34
232520;APEROL;;5,25;3,40;-1,85;LT;344,19;222,90;-121,29
274696;GIN BOMBAY;;0,75;1,25;0,50;LT;99,99;166,65;66,66
278223;LICOR LIMONCELLO VILLA MASSA;;1,40;1,25;-0,15;LT;340,86;304,34;-36,52
278227;ABSINTO VERDE SAN BASILE;;1,00;0,00;-1,00;GF;81,23;0,00;-81,23
600043;WHISKY BUCHANA´S 12;;2,00;0,00;-2,00;LT;274,79;0,00;-274,79
600045;GIN GORDON´S;;0,00;2,65;2,65;LT;0,00;120,50;120,50
600224;TEQUILA JOSE CUERVO;;1,50;0,75;-0,75;LT;278,78;139,39;-139,39
700061;CONHAQUE HENNESSY XO 700 ML;;0,70;0,85;0,15;LT;319,00;387,36;68,36
700933;CONHAQUE PRESIDENTE;;0,50;0,00;-0,50;LT;10,28;0,00;-10,28
700942;CACHAÇA SALINAS TRADICIONAL;;0,50;0,20;-0,30;LT;20,14;8,06;-12,08
100513;SUCO EM PO (KG);;35,00;6,00;-29,00;KG;403,13;69,11;-334,02
200134;SUCOS DIVERSOS 1 LT;;0,00;2,70;2,70;UN;0,00;17,97;17,97
200204;SUCO CONCENTRADO DIVERSOS;;6,00;5,50;-0,50;LT;122,64;112,42;-10,22
201963;SUCO INTEGRAL DE UVA;;190,00;35,00;-155,00;LT;2.160,30;397,95;-1.762,35
700001;SUCO LATA 290 ML;;39,00;8,00;-31,00;LA;106,21;21,79;-84,43
700072;SUCO INTEGRAL 300 ML;;163,00;21,00;-142,00;UN;994,30;128,10;-866,20
279841;VINHO TINTO CATENA MALBEC 2017;;3,00;2,00;-1,00;GF;594,00;396,00;-198,00
188930;LARANJA DESIDRATADA;;1,50;0,20;-1,30;KG;115,70;15,43;-100,27
278604;VINHO CASA VALDUGA ARTE BRUT 375ML;;5,00;3,00;-2,00;GF;219,50;131,70;-87,80
800055;BOBINA PLASTICA PICOTADA 3L;;2,00;0,00;-2,00;UN;59,80;0,00;-59,80
800056;BOBINA PLASTICA PICOTADA 5L;;4,00;0,00;-4,00;UN;152,00;0,00;-152,00
800063;TOUCA DESCARTAVEL C/ 100;;300,00;0,00;-300,00;UN;29,70;0,00;-29,70
800000;CREME DENTAL;;360,00;0,00;-360,00;UN;623,37;0,00;-623,37
100019;BACON;;77,30;6,00;-71,30;KG;2.505,89;194,51;-2.311,38
100052;CHOCOLATE EM PO;;8,69;4,00;-4,69;KG;244,95;112,75;-132,20
100100;BEBIDA LACTEA;;18,00;0,00;-18,00;LT;285,60;0,00;-285,60
100182;FERMENTO QUIMICO;;2,00;0,00;-2,00;KG;98,28;0,00;-98,28
100190;CAFE CAPPUCINO KG;;3,00;10,00;7,00;KG;179,06;596,87;417,81
100239;SALSICHA CACHORRO QUENTE KG;;22,44;4,20;-18,24;KG;584,58;109,41;-475,16
100263;GRANOLA;;6,50;1,00;-5,50;KG;197,34;30,36;-166,98
100341;DOCE DE FRUTAS (UN=1KG)-TODAS.;;4,80;1,60;-3,20;KG;81,95;27,32;-54,63
100464;PEITO FRANGO FATIADO - FRIOS;;13,00;1,20;-11,80;KG;446,42;41,21;-405,21
100514;TEMPEROS DIVERSOS;;0,02;0,00;-0,02;KG;48,90;0,00;-48,90
100782;SALAME MILANO;;19,00;0,40;-18,60;KG;1.031,32;21,71;-1.009,61
100967;COOKIE CONGELADO;;30,00;9,00;-21,00;KG;913,21;273,96;-639,25
100968;PAO CONGELADO;;15,00;1,10;-13,90;KG;480,00;35,20;-444,80
188345;CREME CULINARIO;;42,00;7,00;-35,00;KG;481,11;80,19;-400,93
188440;HIBISCO;;0,25;0,50;0,25;KG;14,95;29,90;14,95
188463;PASTA DE AMENDOIM;;2,00;1,50;-0,50;KG;100,60;75,45;-25,15
188906;MEDIALUNA CONGELADA;;750,00;120,00;-630,00;UN;1.892,55;302,81;-1.589,74
188935;LEITE DE AMENDOAS;;8,00;5,00;-3,00;LT;107,36;67,10;-40,26
188948;LEITE DE COCO EM PO;;0,50;0,30;-0,20;KG;70,68;42,41;-28,27
190272;BOLO CONGELADO UN;;13,00;0,00;-13,00;UN;340,89;0,00;-340,89
200037;IOGURTE LITRO;;48,70;3,75;-44,95;LT;642,02;49,44;-592,58
200070;IOGURTE NATURAL;;6,00;5,60;-0,40;LT;78,40;73,17;-5,23
190028;CAFE VOLLUTO;;100,00;0,00;-100,00;UN;220,00;0,00;-220,00
800039;ANTIBACTERIAL;;4,50;0,00;-4,50;UN;350,38;0,00;-350,38
800041;JET DRY;;10,00;0,00;-10,00;LT;277,63;0,00;-277,63
800042;FACILIN;;8,00;0,00;-8,00;LT;382,60;0,00;-382,60
800043;ALCOOL LIQUIDO 70°;;60,00;0,00;-60,00;LT;388,92;0,00;-388,92
800052;LUVA LATEX AMARELA M;;5,00;0,00;-5,00;PAR;89,50;0,00;-89,50
800053;LUVA VINIL SEM AMIDO G;;3,00;0,00;-3,00;UN;59,70;0,00;-59,70
800057;ESPONJA DUPLA FACE;;75,00;0,00;-75,00;UN;65,25;0,00;-65,25
