100448;ALMONDEGAS;KG;
300339;BIFE A ROLE;KG;
100576;CARNE ACEM;KG;
100420;CARNE ALCATRA;KG;
188764;CARNE BARRIGA SUINA;KG;
188605;CARNE BISTECA BOVINA;KG;
100393;CARNE BISTECA SUINA;KG;
401408;CARNE BSITECA OVINA;KG;
100577;CARNE CARRE DE CORDEIRO;KG;
100897;CARNE CARRE SUINO KG;KG;
100608;CARNE CHULETA BOVINA;KG;
100790;CARNE CHULETA DE PORCO;KG;
100059;CARNE CONTRA FILÉ S/ OSSO;KG;
100540;CARNE COSTELA;KG;
100990;CARNE COSTELA CORDEIRO;KG;
188499;CARNE COSTELA REFEITORIO;KG;
100547;CARNE COSTELA SUINA;KG;
500248;CARNE COSTELA SUINA DEFUMADA;KG;
100085;CARNE COXAO MOLE S/ OSSO;KG;
300313;CARNE CUPIM;KG;
277746;CARNE DIANTEIRO BOVINO;KG;
122054;CARNE ENTRECOT;KG;
100391;CARNE FIGADO;KG;
394417;CARNE FILE DE COSTELA;KG;
100256;CARNE FILE MIGNON;KG;
100387;CARNE FILE MIGNON SUINO;KG;
394473;CARNE FILE SUINO;KG;
100700;CARNE FRALDA;KG;
100578;CARNE LAGARTO;KG;
100609;CARNE LAGARTO;KG;
300030;CARNE LINGUA;KG;
100389;CARNE LOMBO SUINO;KG;
100136;CARNE MAMINHA;KG;
122063;CARNE MATAMBRE;KG;
100257;CARNE MOIDA;KG;
188404;CARNE MOIDA DE SEGUNDA;KG;
400192;CARNE MOIDA ST;KG;
100199;CARNE MUSCULO;KG;
100548;CARNE PALETA;KG;
100583;CARNE PALETA DE CORDEIRO;KG;
100922;CARNE PALETA SUINA;KG;
100549;CARNE PATINHO;KG;
100405;CARNE PERNIL SUINO;KG;
100468;CARNE PICANHA;KG;
500628;CARNE PICANHA DE CORDEIRO;KG;
101184;CARNE PICANHA SUINA;KG;
188192;CARNE RABO BOVINO;KG;
300306;CARNE SECA;KG;
100735;CARNE SOBREPALETA SUINA;KG;
300304;CARNE VAZIO;KG;
100025;CARPACCIO;KG;
100571;CHARQUE;KG;
188366;HAMBURGER EL DIVINO;UN;
188793;HAMBURGUER ANGUS;KG;
400108;HAMBURGUER BOVINO;KG;
100031;HAMBURGUER BOVINO UN;UN;
100987;KIT FEIJOADA KG;KG;
100915;LEITAO INTEIRO;KG;
100174;LINGUICA CALABRESA;KG;
100280;LINGUIÇA COMUM;KG;
188884;LINGUIÇA DE CORDEIRO;KG;
100679;LINGUIÇA DE FRANGO;KG;
188834;LINGUIÇA MISTA;KG;
100935;LINGUIÇA PAIO;KG;
500533;LINGUICA TOSCANA;KG;
188206;LOMBO BOVINO;KG;
100916;ORELHA SUINA;KG;
188390;PASTRAMI;KG;
100917;PE SUINO;KG;
100579;PERNIL DE CORDEIRO - KG;KG;
100876;PICANHA DEFUMADA;KG;
500986;RABADA BOVINA;KG;
100918;RABO SUINO;KG;
188197;SALSICHA BOCK;KG;
188835;SALSICHAO;KG;
500362;TENDER;KG;
100942;TOUCINHO;KG;
100886;CHESTER;KG;
500634;CODORNA;KG;
100414;CORAÇÃO DE FRANGO;KG;
394445;EMPANADO DE AVE;KG;
100941;FIGADO DE FRANGO;KG;
100029;FILE DE FRANGO;KG;
100612;FRANGO A PASSARINHO;KG;
100442;FRANGO COXA E SOBRECOXA;KG;
400541;FRANGO COXA E SOBRECOXA ST;KG;
100386;FRANGO COXINHA DE ASA;KG;
101192;FRANGO DEFUMADO;KG;
100710;FRANGO GALETO;KG;
500377;FRANGO INTEIRO;KG;
100458;FRANGO MOELA;KG;
100013;FRANGO PEITO (KG);KG;
122068;FRANGO SASSAMI KG;KG;
100447;FRANGO SOBRECOXA;KG;
400387;HAMBURGUER DE CARNE DE FRANGO UN;UN;
100619;MEDALHAO DE FRANGO;KG;
500619;PATO COXA E SOBRECOXA;KG;
100582;PEITO DE PATO;KG;
100560;PERU;KG;
188389;ROCAMBOLE DE FRANGO;KG;
100949;ALGA MARINHA;KG;
100575;ANCHOVA;KG;
190260;ANEIS DE LULA;KG;
100507;BACALHAU;KG;
500393;BACALHAU SAITHE;KG;
101185;BOLINHO DE BACALHAU;KG;
100499;CAMARAO CINZA COLINHA;KG;
100251;CAMARÃO GRANDE;KG;
500256;CAMARÃO PISTOLA ROSA;KG;
401037;CAMARAO SEM CASCA;KG;
128134;FILE ALABOTE;KG;
300033;FILE DE ANJO (KG);KG;
400057;FILE DE ARUANA;KG;
500688;FILE DE ATUM;KG;
100613;FILE DE BACALHAU;KG;
100550;FILE DE BADEJO;KG;
100492;FILE DE BETARA;KG;
100588;FILE DE CAÇAO;KG;
101133;FILE DE CASCUDINHO;KG;
100416;FILE DE CONGRIO;KG;
100587;FILE DE DOURADO;KG;
100388;FILE DE LINGUADO;KG;
188611;FILE DE MAPARA;KG;
100444;FILE DE MERLUZA;KG;
100940;FILE DE NAMORADO;KG;
100743;FILE DE PANGA;KG;
100179;FILE DE PESCADA;KG;
101186;FILE DE PINTADO;KG;
122018;FILÉ DE PIRACURU KG;KG;
100586;FILE DE ROSADO - KG;KG;
401470;FILE DE SAITHE;KG;
100370;FILE DE SALMAO;KG;
188342;FILE DE SURUBIM;KG;
100371;FILE DE TILAPIA;KG;
188467;FILE DE TRILHA;KG;
100767;FILE DE TRUTA;KG;
110130;FILE PEIXE ABROTEA;KG;
122020;FILÉ PEIXE ANJO;KG;
188149;FILE POLACA DO ALASKA;KG.;
100390;KANI KAMA;KG;
500644;LAGOSTA;KG;
100947;LOMBO DE ATUM;KG;
188959;LOMBO DE BACALHAU;KG;
100932;LOMBO DE MECA;KG;
101119;LOMBO DE PEIXE PREGO;KG;
189993;LOMBO PIRARUCU;KG;
100574;LULA;KG;
100573;MARISCO;KG;
500532;MEXILHÃO;KG;
100617;OSTRA;KG;
500690;OVA DE PEIXE;KG;
100978;PAELLA;KG;
500169;PEIXE FILE DE ROBALO;KG;
100943;PEIXE TAMBAQUI;KG;
500255;POLVO;KG;
500127;SALMAO DEFUMADO;KG;
500297;SIRÍ DESFIADO;KG;
100572;TAINHA;KG;
188657;TENTÁCULO DE POLVO;KG;
100261;TRUTA;KG;
100958;VIEIRAS;KG;
100789;VONGOLE;KG;
700014;ACHOCOLATADO LIQUIDO 200 ML;UN;
188397;BATATA CHIPS CONGELADA;KG;
100365;BATATA NOISETTE;KG;
100038;BATATA PALITO CONGELADA 7mm;KG;
188334;BATATA RUSTICA CONGELADA;KG;
200992;BEBIDA DE ARROZ;LT;
188433;BEBIDA VEGANA 1LT;LT;
188822;BURRATA;KG;
100556;COPA;KG;
500987;CREAM CHEESE;KG;
100535;CREME DE CEBOLA;KG;
100155;CREME DE LEITE;KG;
188398;CREME DE RICOTA;KG;
101197;IOGURTE DANONINHO 360GR;UN;
700077;IOGURTE 100 GR;UN;
200052;IOGURTE 165 GR;UN;
100343;LEITE CONDENSADO;KG;
101209;LEITE FERMENTADO;UN;
201260;LEITE SEM LACTOSE LT;LT;
200036;LEITE (UN=1L);LT;
500397;LINGUIÇA DEFUMADA;KG;
100909;LOMBO CANADENSE;KG;
188468;MANDIOQUINHA CONGELADA;KG;
100185;MANTEIGA;KG;
100157;MARGARINA;KG;
100536;MORTADELA;KG;
200001;***NAO USAR***ACHOCOLATADO LIQUIDO 200ML;UN;
100209;NATA;KG;
122056;PATE DIVERSOS KG;KG;
100381;PEITO DE FRANGO DEFUMADO;KG;
100718;PEITO DE PERU;KG;
500158;POLENGUINHO;UN;
300349;POLENTA PALITO CONGELADA;KG;
100193;PRESUNTO;KG;
101196;PRESUNTO CRU;KG;
100625;PRESUNTO DE PARMA;KG;
188868;QUEIJO AZUL;KG;
100460;QUEIJO BRIE;KG;
100459;QUEIJO CAMEMBERT;KG;
500100;QUEIJO CATUPIRY;KG;
100451;QUEIJO CHEDDAR;KG;
100788;QUEIJO COALHO;KG;
101006;QUEIJO COLONIAL;KG;
100461;QUEIJO EMMENTAL;KG;
101112;QUEIJO ESTEPE;KG;
190073;QUEIJO FETA;KG;
100189;QUEIJO GORGONZOLA;KG;
100561;QUEIJO GOUDA;KG;
100977;QUEIJO GRANA PADANO;KG;
500704;QUEIJO GRUYERE;KG;
100054;QUEIJO MINAS;KG;
188943;QUEIJO MONTANHES;KG;
100080;QUEIJO MUSSARELA;KG;
100887;QUEIJO MUSSARELA DE BUFALA CEREJA POTE;KG;
100202;QUEIJO MUSSARELA LEITE BUFALA;KG;
100111;QUEIJO PARMESÃO;KG;
101193;QUEIJO PECORINO;KG;
100086;QUEIJO PRATO;KG;
100099;QUEIJO PROVOLONE;KG;
100510;QUEIJO QUARK;KG;
100195;QUEIJO RALADO;KG;
100960;QUEIJO REINO;KG;
100913;QUEIJO RICOTA;KG;
100899;QUEIJO ROQUEFORT;KG;
100204;REQUEIJAO  KG;KG;
100044;SACHET MANTEIGA COM SAL;UNID;
400797;SACHET MANTEIGA SEM SAL;UN;
100730;SACHET QUEIJO RALADO;UNID;
100488;SACHET REQUEIJAO;UNID;
500655;SALAME HAMBURGUES;KG;
100020;SALAME ITALIANO;KG;
101125;SALAME PEPERONI;KG;
188357;SORBETTO MANGA;KG;
100521;SORVETE CONE DIVERSOS;UN;
100167;SORVETE (TODOS SABORES) KG;KG;
100964;TOFU;KG;
100424;ABACATE;KG;
100066;ABACAXI;UNID;
100465;ABOBORA;KG;
100228;ABOBRINHA;KG;
100885;AÇAÍ;KG;
100511;ACELGA;KG;
100192;AGRIAO;UN;
100216;AIPIM;KG;
100786;ALECRIM FRESCO;UN;
100041;ALFACE;UN;
100473;ALFACE AMERICANA;UN;
100331;ALFAFA;UN;
100726;ALHO;KG;
100530;ALHO PORÓ;UN;
100172;AMEIXA;KG;
100622;AMORA;KG;
100888;ASPARGOS CONGELADOS;KG;
100069;BANANA;KG;
100073;BATATA;KG;
100632;BATATA DOCE;KG;
100631;BATATA SALSA;KG;
100070;BERINGELA;KG;
100169;BETERRABA;KG;
100168;BROCOLIS;UN;
100023;BROCOLIS CONGELADO;KG;
500326;BROCOLIS HIBRIDO;UN;
500310;BROTO DE FEIJÃO;KG;
100986;CAJU;KG;
188417;CAPIM LIMAO;UN;
100181;CAQUI;KG;
100466;CARAMBOLA;KG;
100074;CEBOLA;KG;
100720;CEBOLA EM ANEIS;KG;
50291;CEBOLA ROXA;KG;
500213;CEBOLETE;BD;
100153;CENOURA;KG;
122039;CENOURA CONGELADA;KG;
100225;CEREJA KG;KG;
100395;CHICORIA;UN;
100470;CHUCHU;KG;
394484;COENTRO;UN;
100276;COGUMELO FUNGHI SECO;KG;
500233;COGUMELO PARIS;BD;
400152;COGUMELO PARIS KG;KG;
189992;COGUMELO PORTOBELLO;KG;
500126;COGUMELO SHIMEJI;GR;
500137;COGUMELO SHITAKE FRESCO BD;BD;
400189;COGUMELO SHITAKE FRESCO KG;KG;
100938;COUVE BRUXELAS;KG;
100984;COUVE CHINESA;UN;
100159;COUVE FLOR;UN;
188412;COUVE FLOR CONGELADA;KG;
100674;COUVE FOLHA;UNID;
100690;COUVE MINEIRA;UN;
100504;ENDIVIA;UN;
188429;ENDRO;UN;
500687;ERVA DOCE;KG;
100178;ERVILHA CONGELADA;KG;
500412;ERVILHA TORTA;KG;
300188;ESCAROLA;KG;
100503;ESPINAFRE;UN;
128122;ESPINAFRE CONGELADO;KG;
500130;FIGO;KG;
101151;FLOR COMESTIVEL;UN;
100623;FRAMBOESA;KG;
100985;FRUTA DO CONDE;KG;
122049;FRUTAS CONGELADAS KG;KG;
100630;GENGIBRE;KG;
100116;GOIABA;KG;
100333;HORTELA FOLHAS;KG;
394466;INHAME;KG;
101182;JABOTICABA;KG;
100914;KINKAN;KG;
100332;KIWI;KG;
100067;LARANJA;KG;
101155;LICHIA - RAMBUTAN;KG;
100068;LIMAO;KG;
100101;MAÇA;KG;
100064;MAMAO;KG;
394410;MANDIOCA CONGELADA;KG;
100102;MANGA;KG;
100149;MANJERICAO;UN;
100785;MANJERONA;UN;
100150;MARACUJA;KG;
101152;MAXIXE;KG;
100110;MELANCIA;KG;
100065;MELAO;KG;
188410;MILHO CONGELADO;KG;
100380;MILHO VERDE ESPIGA;KG;
100624;MIRTILO;KG;
100565;MORANGA;KG;
100115;MORANGO;BD;
400143;MORANGO (KG);KG;
188167;MOSTARDA FOLHA;UN;
100264;NABO BRANCO;KG;
100490;NECTARINA;KG;
100072;OVOS;UNID;
100262;PEPINO SALADA;KG;
100163;PERA;KG;
100166;PESSEGO;KG;
101163;PHYSALIS;UN;
100737;PIMENTA DEDO DE MOÇA;BD;
100160;PIMENTAO AMARELO/VERMELHO;KG;
100135;PIMENTAO VERDE;KG;
100611;PINHAO;KG;
101154;PITAIA;KG;
101153;PYSALIS;UN;
300179;QUIABO;KG;
100152;RABANETE;KG;
300148;RADITE;KG;
100329;RADITE ROXO;PC;
100330;REPOLHO BRANCO;UN;
100266;REPOLHO ROXO;UN;
101175;ROMÃ;UN;
100188;RUCULA;UN;
100610;SALSAO;UN;
100154;SALSINHA/CEBOLINHA;UN;
100024;SELETA DE LEGUMES;KG;
100995;TAMARAS;KG;
100983;TAMARINDO;KG;
100133;TANGERINA/POKAN;KG;
100398;TEMPEROS VERDES DIVERSOS;KG;
100071;TOMATE;KG;
100633;TOMATE CEREJA;KG;
100235;TOMILHO FRESCO;KG;
100114;UVA;KG;
100184;VAGEM;KG;
188411;VAGEM CONGELADA;KG;
100304;ACAFRAO;KG;
500247;ACETO BALSÂMICO;LT;
188338;ADOBO FOCO 100G;KG;
122011;ADOBO KG;KG;
100950;AJINOMOTO;KG;
100384;ALCACHOFRA;KG;
100270;ALECRIM SECO;KG;
100017;ALHO SECO GRANULADO (KG);KG;
100221;AMACIANTE DE CARNE;KG;
100970;ANIS ESTRELADO;KG;
500180;AZEITE DE OLIVA COMPOSTO;LT;
100316;AZEITE DE OLIVA (LITRO);LT;
100783;AZEITE DENDE;LT;
300067;AZEITE DENDE;LT;
600197;AZEITE EXTRA VIRGEM;LT;
100974;AZEITE TRUFADO;LT;
500365;BICARBONATO DE SODIO;KG;
100092;CALDO DE CARNE (KG);KG;
100600;CALDO DE FRUTOS DO MAR;KG;
100275;CALDO DE GALINHA (KG);KG;
100741;CALDO DE LEGUMES (KG);KG;
100307;CANELA EM CASCA;KG;
100078;CANELA EM PO;KG;
100273;CATCHUP;KG;
100635;CHIMICHURRI;KG;
100319;COGUMELO SCHITAKE SECO;KG;
100734;COLORAL;KG;
100515;COLORANTE;KG;
100334;COMINHO EM PO;KG;
188333;CONDIMENTO BALSAMICO BRANCO 500ML;LT;
100268;CRAVO DA INDIA;KG;
100993;CURCUMA;KG;
100271;CURRY;KG;
100218;ERVAS FINAS DIVERSAS;KG;
100595;ESSENCIA DE BAUNILHA;LT;
100929;ESSENCIA DE COCO;LT;
100145;EXTRATO DE TOMATE;KG;
500641;FLOR DE SAL;KG;
100439;GERGELIM EM PASTA (KG);KG;
300086;GLICOSE;KG;
100063;GORDURA VEGETAL;KG;
100430;LOURO;KG;
100090;MAIONESE;KG;
500570;MAIONESE LIGHT;KG;
100777;MOLHO BARBECUE;KG;
100373;MOLHO DE ALHO;ML;
100385;MOLHO DE PIMENTA TABASCO;UN;
100480;MOLHO DE PIMENTA VERMELHA;LT;
500179;MOLHO DEMIGLACE PÓ;KG;
100924;MOLHO FUNGHI;KG;
100212;MOLHO INGLES;LT;
100105;MOLHO MADEIRA;KG;
100537;MOLHO PARA SALADA PRONTO;LT;
100095;MOLHO SHOYO;LT;
100297;MOSTARDA AMARELA;KG;
500327;MOSTARDA DIJON;KG;
100335;MOSTARDA EM GRÃOS;KG;
100429;NOZ MOSCADO;KG;
100701;OLEO COMPOSTO;LT;
122081;OLEO DE ALGODÃO;LT;
188482;OLEO DE COCO;LT;
188199;OLEO DE GERGELIM;LT;
100981;OLEO DE GIRASSOL;LT;
100048;OLEO DE SOJA;LT;
128092;OLEO DE SOJA 18 LT;LT;
100081;OREGANO;KG;
190105;PAPRICA DEFUMADA;KG;
100301;PAPRICA DOCE;KG;
100302;PAPRICA PICANTE;KG;
500513;PIMENTA BRANCA EM GRÃO;KG;
188143;PIMENTA CALABRESA;KG;
394451;PIMENTA EM PÓ;KG;
100309;PIMENTA (KG);KG;
500089;PIMENTA PRETA GRÃO;KG;
100923;PIMENTA ROSA;KG;
394428;PURE DE BATATAS;KG;
100339;RAIZ FORTE;KG;
100327;SACHET AZEITE DE OLIVA;UN;
100047;SACHET CATCHUP 8 GR;UN;
100045;SACHET MAIONESE 8 GR;UN;
100892;SACHET MOLHO PARA SALADA;UNID;
100118;SACHET MOLHO PIMENTA;UN;
100046;SACHET MOSTARDA 7 GR;UN;
188683;SACHET PIMENTA PO;UN;
100196;SACHET SAL;UN;
100475;SACHET VINAGRE 8ML;UN;
100093;SAL GROSSO;KG;
100084;SAL REFINADO;KG;
100076;SALVIA;KG;
100951;TEMPERO PARA SUSHI;LT;
100051;TOMATE SECO;KG;
100088;VINAGRE ALCOOL;LT;
100377;VINAGRE BALSAMICO;LT;
188796;VINAGRE DE MAÇA;LT;
500373;VINAGRE VINHO;LT;
200226;VINHO COZINHA BAG BOX BRANCO/TINTO;LT;
100994;ZIMBRO;KG;
188520;ABACAXI DESIDRATADO;KG;
100148;ACHOCOLATADO PO;KG;
611173;ACHOCOLATADO PO MAQUINA;KG;
100481;AÇUCAR CRISTAL;KG;
100399;AÇUCAR DE BAUNILHA;KG;
100478;ACUCAR DE CONFEITEIRO;KG;
188636;AÇUCAR DEMERARA;KG;
100234;AÇUCAR MASCAVO;KG;
100089;ACUCAR REFINADO;KG;
500573;ADOCANTE EM PO;KG;
100291;ADOCANTE LIQUIDO;LT;
100746;AMEIXA SECA PRETA;KG;
100707;AMENDOAS;KG;
100443;AMENDOIM;KG;
100094;AMIDO DE MILHO;KG;
100342;ARROZ AMARELO;KG;
100210;ARROZ ARBORIO;KG;
190284;ARROZ BASMATI;KG;
100062;ARROZ BRANCO;KG;
188784;ARROZ CATETO;KG;
100427;ARROZ INTEGRAL;KG;
100872;ARROZ ITALIANO;KG;
500596;ARROZ JAPONÊS;KG;
500630;ARROZ NEGRO;KG;
100944;ARROZ ORIENTAL;KG;
100606;ARROZ SELVAGEM;KG;
400181;ARROZ VERMELHO;KG;
100873;ARROZ 7 GRAOS;KG;
100921;AVEIA EM FLOCOS;KG;
500631;AVELA;KG;
100197;BANANA PASSA;KG;
101231;BARRA DE CEREAL;UN;
100186;BATATA PALHA;KG;
100603;BISCOITO DOCE;KG;
100050;CAFE A VÁCUO EM PO;KG;
100450;CAFE EM GRAO;KG;
101117;CAFE EXPRESSO LEGGERO;UN;
100891;CAFE EXTRATO LIQUIDO;LT;
101118;CAFE LUNGO LEGGERO;UN;
101116;CAFE RISTRETTO;UN;
100627;CAFE SOLUVEL;KG;
188646;CAMOMILA;KG;
100596;CANJICA;KG;
100201;CASTANHA DE CAJU;KG;
500451;CASTANHA DO PARA;KG;
188360;CASTANHA PICADA;KG;
400539;CEREAL MATINAL COM AÇUCAR;KG;
100002;CEREAL MATINAL SEM AÇUCAR;KG;
188607;CEVADINHA;KG;
400009;CHA DIVERSOS SABORES;UN;
188647;CHA VERDE;KG;
100294;CHANTILLY;LT;
101228;CHIA;KG;
188946;CHIPS DE BANANA;KG;
100449;CHOCOLATE GRANULADO;KG;
100324;COCO RALADO;KG;
100647;COUSCOUS;KG;
188686;CRAMBERRY;KG;
122060;CREME DE QUEIJO BISNAGA;UN;
100230;DAMASCO;KG;
100900;ERVA MATE;KG;
188617;FARELO DE AVEIA;KG;
188616;FARELO DE TRIGO;KG;
500637;FARINHA DE AMENDOAS;KG;
101113;FARINHA DE ARROZ;KG;
100254;FARINHA DE AVEIA;KG;
189968;FARINHA DE BANANA;KG;
100699;FARINHA DE LINHAÇA;KG;
100313;FARINHA DE MANDIOCA;KG;
349396;FARINHA DE MILHO;KG;
100415;FARINHA DE ROSCA;KG;
100087;FARINHA DE TRIGO;KG;
500566;FARINHA DE TRIGO INTEGRAL;KG;
188180;FARINHA LACTEA KG;KG;
188736;FARINHA PANKO;KG;
100437;FAROFA PRONTA;KG;
188388;FAVO DE MEL;KG;
100258;FEIJAO BRANCO;KG;
100680;FEIJAO CARIOCA;KG;
500640;FEIJAO FRADINHO;KG;
100433;FEIJAO PRETO;KG;
100875;FEIJAO VERMELHO;KG;
100601;FERMENTO BIOLOGICO;KG;
100602;FERMENTO QUIMICO;KG;
188521;FIGO DESIDRATADO;KG;
101000;FIOS DE OVOS;KG;
100314;FRUTAS CRISTALIZADAS;KG;
500128;GELATINA FOLHA;KG;
100039;GELATINA SEM SABOR;KG;
100432;GERGELIM;KG;
500088;GERGELIM NEGRO;KG;
100552;GRAO DE BICO;KG;
100323;LEITE DE COCO;LT;
100884;LEITE DE SOJA;LT;
122048;LEITE DE SOJA EM PÓ;KG;
100171;LEITE EM PO;KG;
100412;LENTILHA;KG;
100691;LINHAÇA;KG;
188142;MAÇA DESIDRATADA KG;KG;
100744;MANDIOCA PALITO;KG;
188518;MANGA DESIDRATADA;KG;
188526;MILHO CROCANTE;KG;
500683;MILHO DE PIPOCA;KG;
190336;MIX DE CASTANHA;KG;
128135;MIX INTEGRAL 100G;UN;
100003;***NÃO USAR*** CEREAL MATINAL COM AÇUCAR;KG;
100933;NESCAFE ALPINO;KG;
394452;NESCAFE CAPPUCCINO;KG;
100893;NESCAFE CAPPUCCINO LATTE;KG;
100501;NOZES;KG;
122082;OLEO DE MILHO;UND;
188924;PAINCO KG;KG;
100946;PIPOCA;KG;
100207;PIPOCA MICROONDAS;UN;
100555;PISTACHE;KG;
100589;POLENTA;KG;
100541;POLVILHO;KG;
100692;QUINOA;KG;
100014;SACHET AÇUCAR;UNID;
100703;SACHET AÇUCAR MASCAVO;UN;
188386;SACHET AÇUCAR ORGÂNICO;UN;
100015;SACHET ADOCANTE;UNID;
100436;SACHET CAFE EXPRESSO 10GR;UN;
100512;SACHET CAFE SOLÚVEL 13GR;UN;
188689;SACHET GRANOLA;UN;
188527;SEMENTE DE ABOBORA;KG;
188204;SEMENTE DE GIRASSOL;KG;
100553;SOJA EM GRÃOS;KG;
700971;SORGO;KG;
101111;TAPIOCA MASSA PRONTA;KG;
100382;TRIGO PARA KIBE;KG;
100231;UVA PASSA;KG;
100281;ABACAXI LATA;KG;
100098;ALCAPARRA;KG;
100871;ANCHOVAS CONSERVA;KG;
100282;ASPARGO CONSERVA;KG;
100040;ATUM EM CONSERVA;KG;
500066;AZEITONA FATIADA PRETA;KG;
500295;AZEITONA PRETA AZAPA;KG;
100097;AZEITONAS PRETAS;KG;
100108;AZEITONAS VERDES;KG;
101188;BERINGELA EM CONSERVA;KG;
100075;CEBOLINHA EM CONSERVA;KG;
100249;CHAMPIGNON;KG;
100318;CHAMPIGNON EM CONSERVA;KG;
100312;CHUCRUTE EM CONSERVA;KG;
100295;COGUMELO EM CONSERVA;KG;
100283;ERVILHA LATA;KG;
100621;FILE DE ANCHOVA;KG;
100953;JARDINEIRA KG;KG;
100285;MILHO VERDE LATA;KG;
100999;MINI MILHO CONSERVA;KG;
100229;OVO DE CODORNA CONSERVA;KG;
100250;PALMITO EM CONSERVA;KG;
100476;PALMITO PICADO;KG;
100180;PEPINO CONSERVA;KG;
100676;PIMENTA VERDE EM CONSERVA;KG;
500651;TOMATE PELADO;KG;
101202;AÇAI POTE;UN;
188196;ALFAJOR;UN;
500656;AMENDOIM JAPONÊS;KG;
100200;AMENDOIM 40 GR;UN;
500385;AROMA ARTIFICIAL;LT;
100945;BALA DE GOMA;UN;
100640;BARQUETE;UN;
100143;BISCOITO CHAMPAGNE;KG;
188768;BISCOITO DE ARROZ;KG;
122053;BISCOITO INTEGRAL;KG;
500142;BISCOITO MAIZENA;KG;
349390;BISCOITO MANTEIGA;UN;
600332;BISCOITO MARIA;KG;
188787;BISCOITO NESFIT;UN;
100008;BISCOITO RECHEADO NEGRESCO;KG;
100125;BISCOITO RECHEADO 150 GR;UN;
100529;BISCOITO WAFER 32 GR;UN;
100661;BOLINHO PETIT GATEAU;UN;
188479;BOLO NO POTE;UN;
188895;BOLO SEM GLUTEN;UN;
400397;BROA DE MILHO;KG;
122047;BROWNIE;UN;
400661;CASCA DE LARANJA CRISTALIZADA;KG;
188331;CASQUINHA DE SORVETE;UN;
100177;CASTANHA CAJU 50 GR;UN;
188715;CHEESECAKE CONGELADO;UN;
100413;CHICLETES MENTOS;UN;
122065;CHOCOLATE BIBS 40G;UN;
100936;CHOCOLATE CHOKITO 32GR;UN;
100706;CHOCOLATE CONFETE KG;KG;
100173;CHOCOLATE EM BARRA (KG);KG;
100646;CHOCOLATE EM GOTAS AO LEITE;KG;
100724;CHOCOLATE LACTA 34 GR;UN;
100725;CHOCOLATE LAKA 25 GR;UN;
122034;CHOCOLATE LANCY 30G;UN;
122024;CHOCOLATE LOLLO 28GR;UN;
100723;CHOCOLATE SHOT 25 GR;UN;
279813;CHOCOLATE SNICKERS;UN;
100568;CHOCOLATES DIVERSOS;UN;
100780;CHOCOTONE KG;KG;
188381;COBERTURA PARA SORVETE;KG;
188716;COOKIE CAIXA;UN;
400073;COOKIES 60G;UN;
100682;COXINHA DE FRANGO;KG;
122069;CREME DE AMENDOIM (KG);KG;
101212;CREME DE AVELA;KG;
100435;DOCE DE LEITE;KG;
101164;DONUTS CONGELADO;UN;
400584;DONUTS (KG);KG;
500358;FIGO CRISTALIZADO;KG;
400336;FOLHADO CONGELADO;KG;
500581;GELEIA DIET;KG;
100482;GOIABADA;KG;
500359;LARANJA CRISTALIZADA;KG;
500571;LEITE CONDENSADO DESNATADO;KG;
188396;MARSHMALLOW;KG;
400375;MASSA CUECA VIRADA;KG;
100523;MASSA FOLHADA;KG;
400362;MASSINHA COM FAROFA;UN;
100242;MEL ABELHA;KG;
100233;MELADO;KG;
110131;MERENGUE KG;KG;
400645;MINI CALZONE FRANGO;KG;
400338;MINI CARACOL CONGELADO;KG;
100716;MINI CHURROS CONGELADO;KG;
100715;MINI COXINHA CONGELADA KG;KG;
100939;MINI CROISSANT CONGELADO;KG;
100729;MINI DOCES (CAFE DA MANHA);UN;
400267;MINI PAO BAGUETE BRANCO KG;KG;
400265;MINI PAO BETERRABA;KG;
400278;MINI PAO DE CHOCOLATE CONGELADO;KG;
100728;MINI SALGADINHOS (CAFÉ DA MANHA);UN;
100638;MINI TORTINHAS;UN;
100754;MISTURA PARA BOLO;KG;
100592;MOUSSES DIVERSOS;KG;
101126;MUFFINS;UN;
100164;***NAO USAR***BATATA CHIPS;UN;
100662;***NAO USAR***CHICLETE TRIDENT;UN;
101132;***NAO USAR***CHOCOLATE KIT KAT 45GR;UN;
128131;***NAO USAR***CHOCOLATE M&M'S;UN;
100937;***NAO USAR***CHOCOLATE PRESTIGIO 33GR;UN;
122077;***NAO USAR***CHOCOLATE SNICKERS 52GR;UN;
100253;***NOA USAR***CHOCOLATE BOMBOM;UN;
100497;***noa usar***HOT POCKET;UN;
100927;OVO GEMA PASTEURIZADA;KG;
122057;PAÇOCA;KG;
100721;PAES;UNID;
188684;PALHA ITALIANA;UN;
100766;PANETONE;KG;
400363;PAO ARABE;KG;
400765;PAO AUSTRALIANO (UN);UN;
188737;PAO BAGUETE CONGELADO KG;KG;
400289;PAO CACHORRO QUENTE;UN;
400333;PAO DE CHIA;UN;
400241;PAO DE FORMA;UN;
400294;PAO DE FORMA S/GLUTEN CONGELADO;KG;
400252;PAO DE LINHO;UN;
100141;PAO DE QUEIJO CONGELADO;KG;
100402;PAO HAMBURGUER;UN;
188509;PAO HAMBURGUER CONGELADO;UN;
400503;PAO ITALIANO BOLA CONGELADO;KG;
500691;PAO MASSINHA CONGELADO KG;KG;
400261;PAO MINI AUSTRALIANO CONGELADO;KG;
400360;PAO MINI BAGUETE AUSTRALIANO CONGELADO;KG;
400260;PAO MINI CIABATA CONGELADO;KG;
100355;PAO MINI FRANCES CONGELADO;KG;
400502;PAO MINI GOIABA CONGELADO;KG;
400361;PAO MINI HAMBURGUER CONGELADO UN;UN;
188954;PAO MINI HAMBURGUER KG;KG;
400254;PAO MINI ITALIANO CONGELADO;KG;
400309;PAO MINI SETE GRAOS;KG;
400329;PAO MULTIGRAOS CONGELADO;KG;
400504;PAO PETIT ITALIAN CONGELADO;KG;
400335;PAO PETIT RUSTICO CONGELADO;KG;
400334;PAO PETIT 6 CEREALES CONGELADO;KG;
400348;PAO RUSTICO COM FRUTAS;UN;
400364;PAO RUSTICO CONGELADO;KG;
400196;PAO SANDUICHE;UN;
189994;PAO SEM GLUTEN;UN;
100551;PAO SIRIO KG;KG;
400479;PASTEL DE BELEM UN;UN;
190306;PASTILHA TIC TAC;UN;
188608;PETIT GATEAU;UN;
100011;PICOLES DIVERSOS;UN;
100484;PO PARA PUDIM;KG;
188722;POTE CALDA FRUTAS VERMELHAS;UN;
100191;PUDIM;UN;
100928;RECHEIO PARA BOLO;KG;
400956;RINATO CONGELADO;KG;
100543;SACHET BISCOITO DOCE;UN;
100544;SACHET BISCOITO SALGADO;UN;
500988;SACHET CREME DE AVELÃ 15GR;KG;
100545;SACHET TORRADA 15GR;UN;
100315;SAGU;KG;
100877;SALGADOS/DOCES CONGELADOS;KG;
188539;SANDUICHE BAGUETE;UN;
100132;SANDUICHE NATURAL DIVERSOS;UN;
188718;SANDUICHE PANINI;UN;
100542;SANDUICHE X BURGUER CONGELADO;UN;
500306;SUSPIRO KG;KG;
100639;TARTELETE (PCT C/64UN);UN;
100705;TIC TAC 16 GR;UN;
100532;TORRADA PCT;UN;
100259;TORTA GELADA;UN;
349379;TRUFA;UN;
122043;CAPELETI RECHEADO KG;KG;
188155;CURAU DE MILHO KG;KG;
128089;ESCONDIDINHO 600 GR;UN;
190316;FIORE DE CAPRESE KG;KG;
188707;FOLHADO CALABRESA E QUEIJO;UN;
190315;INVOLTINO DE COUVE CHINESA CENOURA E CEB;UNID;
190314;INVOLTINO DE LINGUIÇINHA RQUEIJAOE PORO;UNID;
101160;MASSA AGNOLINE;KG;
188172;MASSA BICHINHOS BAMBINI;KG;
100684;MASSA CANELONE;KG;
100293;MASSA CAPELETTI;KG;
100321;MASSA CASEIRA;KG;
122031;MASSA CONCHA RECHEADA KG;KG;
100687;MASSA CONCHIOGLIONI;KG;
122014;MASSA DE ARROZ S/GLUTEN;KG;
100675;MASSA DE PANQUECA;KG;
100590;MASSA DE PASTEL;KG;
101157;MASSA FAGOTTINI;KG;
100745;MASSA FARFALLE;KG;
100491;MASSA FETTUCCINE;KG;
300202;MASSA FRESCA;KG;
100252;MASSA FUSILLI;KG;
500678;MASSA GRANO DURO;KG;
100441;MASSA LASANHA;KG;
100688;MASSA LINGUINE;KG;
100462;MASSA PÃO;KG;
100959;MASSA PAPPARDELLI;KG;
100727;MASSA PARA PIZZA;KG;
100456;MASSA PARA SOPA (UN=0,5 KG);KG;
100747;MASSA PARAFUSO;KG;
400038;MASSA PENNE;KG;
188597;MASSA PENNE INTEGRAL;KG;
122051;MASSA PETIT GATEAU KG;KG;
101144;MASSA RAP 10 KG;KG;
100599;MASSA RAVIOLI;KG;
100645;MASSA RIGATONI;KG;
122052;MASSA RISONI KG;KG;
101217;MASSA ROLINHO PRIMAVERA;KG;
100591;MASSA RONDELI KG;KG;
100898;MASSA SOFIOLI (KG);KG;
101216;MASSA SORRENTINO;KG;
100055;MASSA SPAGUETE;KG;
100883;MASSA TAGLIATELLE;KG;
100644;MASSA TALHARIM;KG;
101148;MASSA TORTEI;KG;
122044;MASSA TORTELE RECHEADO;KG;
100686;MASSA TORTELONI;KG;
128124;MASSA WAFFLE;KG;
400385;MINI BAURU CONGELADO;KG;
100954;MINI PASTEL FORNO CONGELADO;KG;
100509;MINI PIZZA UN;UN;
100183;***NAO USAR***LASANHA 600 GR;UN;
100203;***NAO USAR***MASSA PENNE;KG;
500701;NHOQUE;KG;
100685;NHOQUE DE BATATA;KG;
188217;PANCHO;UN;
188708;PASTEL NATA;UN;
100026;PIZZA DIVERSOS 450 GR;UN;
188523;POLPETONE RECHEADO KG;KG;
128100;PRATO CONG - FETUCCINI A BOLONHESA 350G;UN;
101180;PRATO CONGELADO - CAPELETI BRODO;UN;
122062;PRATO CONGELADO - CREME ERVILHA;UN;
190060;PRATO CONGELADO - ESPAGUETE A BOLONHESA;UN;
188705;QUICHE UN;UN;
100194;RAVIOLI;KG;
188965;SPAGUETE COM TINTA DE LULA;KG;
700101;AGUA COM GAS 1,5 LT;GF;
700732;AGUA COM GAS 350ML LATA;UN;
700024;AGUA COM GAS 500 ML;UN;
201258;AGUA DE COCO LT;LT;
700012;AGUA DE COCO 200 ML;UN;
200312;AGUA DE COCO 300 ML;UN;
700054;AGUA GASEIFICADA COM SABOR 500ML;UN;
700102;AGUA SEM GAS 1,5 LT;GF;
700165;AGUA SEM GAS 350 ML LATA;LA;
700000;AGUA SEM GAS 500 ML;UN;
700240;AGUA SEM GAS 500 ML CAIXA;UN;
200649;AGUA S/GAS 5L;LT;
201997;AGUA 1500 ML C/GAS;UN;
200022;AGUA 1500 ML S/GAS;UN;
201228;AGUA 20 LT;GF;
200739;AGUA 2000 ML C/GAS;UN;
201967;AGUA 2000 ML S/GAS;GF;
700364;AGUA 300ML S/GAS VIDRO;GF;
200023;AGUA 350 ML C/GAS;UN;
200021;AGUA 350 ML S/GAS;UN;
500992;CHA ICE TEA 1,5L;UN;
700222;CHA ICE TEA 300 ML;UN;
234480;CHA ICE TEA 450 ML;UN;
700065;CHA ICE TEA 450 ML;UN;
700006;COCA COLA LATA SEM ACUCAR 350ML;LA;
700007;COCA COLA LATA 350ML;LA;
200062;COCA COLA ZERO LATA;LA;
200988;COCA COLA ZERO 2L;UN;
200989;COCA COLA 2L;UN;
700056;ENERGETICO;LA;
232414;FANTA GUARANA 350ML LT;LA;
700142;FANTA LARANJA LT 350ML;LA;
202043;FANTA LARANJA ZERO LT;UN;
264742;FANTA LARANJA 220ML;LA;
200987;GUARANA DIET 2L;UN;
700055;GUARANA LATA SEM ACUCAR 350ML;LA;
700058;GUARANA LATA 350ML;LA;
200986;GUARANA 2L;UN;
202038;ITUBAINA SCHIN 355 LN;UN;
200180;****NAO USAR***AGUA DE COCO 200 ML;UN;
200033;***NAO USAR****AGUA 500 ML C/ GAS;UN;
200030;****NAO USAR****AGUA 500 ML S/GAS;UN;
200031;***NAO USAR***COCA COLA LATA;LA;
200013;***NAO USAR***FANTA LARANJA LATA;LA;
201944;**NAO USAR***FANTA UVA LATA;UN;
200059;*****nao usar******GUARANA ZERO;LA;
200011;***NAO USAR***SCHWEPPES TONICA LT;LA;
200598;***NOA USAR***SCHWEPPES CITRUS LT;LA;
200057;PEPSI LATA 350ML;LA;
700025;SCHWEPPES CITRUS LT 350 ML;LA;
700217;SCHWEPPES TONICA LATA 220 ML;LA;
700045;SCHWEPPES TONICA LT 350ML;LA;
200090;SODA LIMONADA 350 ML;LA;
700259;SPRITE LATA SEM AÇUCAR 350 ML;LA;
700044;SPRITE LATA 350ML;LA;
600134;SPRITE ZERO;UN;
200203;SUCO LARANJA INTEGRAL;LT;
278103;TEEM LATA 350 ML;LA;
202067;**** nao usar****CERVEJA CORONA LN;GF;
264615;CERVEJA ABADESSA BAVARIAN IPA 500;GF;
274662;CERVEJA ABADESSA EXPORT 500;GF;
264616;CERVEJA ABADESSA HELLES 500;GF;
279281;CERVEJA AL CAPONE APA 1 LT;GF;
700132;CERVEJA AL CAPONE IPA 500ML;GF;
202223;CERVEJA AL CAPONE IPA 600ML;GF;
700094;CERVEJA AL CAPONE PILSNER 355ML;GF;
202296;CERVEJA AL CAPONE PREMIUM LAGER 600ML;GF;
700232;CERVEJA AL CAPONE RED ALE 500 ML;GF;
202222;CERVEJA AL CAPONE RED ALE 600ML;GF;
700134;CERVEJA AL CAPONE WEISS 500ML;GF;
212331;CERVEJA AL CAPONE WEISS 600 ML;GF;
202224;CERVEJA AL CAPONE WITBIER 600ML;GF;
202270;CERVEJA AMSTEL LT;LA;
701080;CERVEJA AMSTEL 473ML;LA;
200653;CERVEJA BADEN GOLDEN ALE 600ML;GF;
200482;CERVEJA BADEN PILSEN CRISTAL 600 ML;GF;
201085;CERVEJA BADEN WEISS 600ML;GF;
274665;CERVEJA BECKS LN;GF;
200055;CERVEJA BOHEMIA LN 355ML;GF;
202071;CERVEJA BOHEMIA LT;LA;
277886;CERVEJA BOHEMIA PURO MALTE LN;GF;
600217;CERVEJA BOHEMIA 600 ML;GF;
201254;CERVEJA BRAHMA CHOPP ZERO LATA;UN;
232524;CERVEJA CAÇULA DARK RAT BLACK 600ML;GF;
700277;CERVEJA CARACU LATA 350 ML;LA;
202292;CERVEJA CATURRIPA 600ML;GF;
279709;CERVEJA CATURRIPA 600ML;GF;
202293;CERVEJA CLEMENTINA 600ML;GF;
201098;CERVEJA COLORADO APPIA 600 ML;GF;
278395;CERVEJA COLORADO LAGER LT;LA;
264621;CERVEJA COLORADO LARGER 600ML;GF;
277975;CERVEJA COLORADO LATA 410 ML;LA;
279215;CERVEJA CORONA 330ML LN;GF;
201993;CERVEJA DE TRIGO TAP 7 500ML;UN;
200481;CERVEJA DEVASSA LOIRA LN;GF;
277989;CERVEJA DNA DARWIN;GF;
27834;CERVEJA DNA HELLIX 500;GF;
277836;CERVEJA DNA PROMETHEUS 500;GF;
277835;CERVEJA DNA RED HEAD 500;GF;
278309;CERVEJA DORO 600ML;GF;
200193;CERVEJA EISENBAHN WEIZENBIER LN;GF;
200632;CERVEJA EISENBAN WEISS LN;GF;
200072;CERVEJA ERDINGER  500ML;UN;
701218;CERVEJA FLOW IPA - 355ML;GF;
701524;CERVEJA FRUIT BIER;GF;
202220;CERVEJA FUNHOUSE BELGIAN BLOND 500ML;GF;
274670;CERVEJA HEINEKEN LATA 350ML;LA;
700168;CERVEJA HEINEKEN LN;GF;
700011;CERVEJA HEINEKEN PILSEN 473 ML;LA;
200104;CERVEJA HEINEKEN ZERO LN;GF;
201277;CERVEJA IMIGRAÇÃO EXPORT 600ML;GF;
201952;CERVEJA IMIGRAÇÃO PREMIUM 500 ML;UN;
232482;CERVEJA IMIGRACAO WEISS 500ML;GF;
277716;CERVEJA IPA SESSION LN;GF;
232419;CERVEJA IPA 500ML;GF;
279121;CERVEJA IRMÃOS FERRARO CLEMENTINA;GF;
278601;CERVEJA LEUVEN GOLDEN ALE 500 ML;GF;
232411;CERVEJA LOCA 600ML;GF;
202272;CERVEJA MALVADEZA TARJA PRETA;GF;
202315;CERVEJA MARY WEISS 600ML;GF;
232400;CERVEJA NERA REALE 600ML;GF;
701523;CERVEJA OATMEAL STOUT;GF;
200489;CERVEJA OPA BIER PILSEN 355 ML;GF;
202285;CERVEJA PACIFIC 500 ML;GF;
700558;CERVEJA PATAGONIA  600ML;GF;
264645;CERVEJA PIER RED ALE 600ML;GF;
701525;CERVEJA PILSEN;GF;
200132;CERVEJA POLAR LATA;UN;
200652;CERVEJA POLAR LN;GF;
279544;CERVEJA PORTOALEGRENSE IPA LN;GF;
279543;CERVEJA PORTOALEGRENSE PILSEN LN;GF;
279548;CERVEJA PORTOALEGRENSE WEISS 600ML;GF;
171418;CERVEJA PREMIUIM LAGER 500ML;GF;
234543;CERVEJA PREMIUM LAGER 600ML;GF;
279170;CERVEJA RED ALE 600ML;GF;
202032;CERVEJA SCHORNSTEIN WEISS 500 ML;GF;
278602;CERVEJA SEASONS GREEN COW 473 ML;LA;
279189;CERVEJA SEASONS HOLY COW 473 ML;LA;
279188;CERVEJA SEASONS PACIFIC 473 ML;LA;
200005;CERVEJA SKOL LATA;LA;
200073;CERVEJA SKOL LONG NECK;GF;
700064;CERVEJA STELLA ARTOIS LN;GF;
201096;CERVEJA STELLA ARTOIS LT;LA;
232537;CERVEJA SUD PALE ALE 500 ML;GF;
232536;CERVEJA SUD PILSEN 500 ML;GF;
232495;CERVEJA SUD VIENNA LAGER 500 ML;GF;
232494;CERVEJA SUD WITBIER 500 ML;GF;
202286;CERVEJA TILT 500 ML;GF;
202303;CERVEJA TUPINIQUIM CITRUS BOMB 600ML;GF;
202306;CERVEJA TUPINIQUIM HELLES 310ML;GF;
212335;CERVEJA TUPINIQUIM P. LAGER 600 ML;GF;
212340;CERVEJA TUPINIQUIM SESSION IPA 600ML;GF;
202304;CERVEJA TUPINIQUIM WEISS 310 ML;GF;
264617;CERVEJA URWALD DOPPELBOCK 500 ML;GF;
264619;CERVEJA URWALD DORT EXPORT 500 ML;GF;
264620;CERVEJA URWALD PILSEN NATUR 600 ML;GF;
274663;CERVEJA URWALD PORTER 500;GF;
277768;CERVEJA VETERANA PILSEN 500 ML;GF;
277770;CERVEJA VETERANA RED ALE 500 ML;GF;
277771;CERVEJA VETERANA SESSION IPA 500 ML;GF;
277769;CERVEJA VETERANA WEISS 500 ML;GF;
700195;CERVEJA WAYBEER SESSION IPA 355 ML;GF;
232551;CERVEJA WEISS BIER 500ML;GF;
200079;CHOPP;LT;
234513;CHOPP BARRIL;LT;
200388;CHOPP GF;UN;
278010;CHOPP PILSEN LAGER;LT;
200196;***NAO USAR***CERVEJA ORIGINAL 600 ML;GF;
200264;****NAO USAR****CERVEJA STELLA ARTOIS LN;GF;
200387;***NOA USAR***CERVEJA HEINEKEN LN 330 ML;GF;
201066;RUM MALIBU 750 ML;GF;
277714;0;GF;
200103;CHANDON BRUT IMPERIAL;GF;
202046;ESPUMANTE AURORA BCO 187 ML;GF;
277926;ESPUMANTE AURORA 750ML;GF;
278111;ESPUMANTE CASA PERINI BRUT 375 ML;GF;
202169;ESPUMANTE CASA PERINI BRUT 750ML;GF;
600335;ESPUMANTE CASA VALDUGA ARTE BRUT;GF;
200292;ESPUMANTE CHANDON BRUT;GF;
700076;ESPUMANTE CHANDON BRUT ROSE;GF;
277840;ESPUMANTE CHANDON PASSION ROSE 750 ML;GF;
277813;ESPUMANTE COURMAYEUR PROSECCO 750;GF;
264633;ESPUMANTE DON GUERINO BRUT;GF;
200497;ESPUMANTE MIOLO BRUT 750 ML;GF;
234521;ESPUMANTE PANIZZON BRUT ROSE;GF;
274686;ESPUMANTE PANIZZON BRUT ROSE;GF;
264640;ESPUMANTE PANIZZON CHARDONNAY;GF;
234530;ESPUMANTE PANIZZON PROSECO BRUT;GF;
202167;ESPUMANTE PERINI BRUT 375ML;GF;
600204;ESPUMANTE SALTON BRUT;GF;
201300;ESPUMANTE SALTON MEIO DOCE 660ML;GF;
278114;ESPUMANTE SALTON MOSCATEL;GF;
201158;ESPUMANTE TERRANOVA BCO BRUT 750 ML;GF;
200779;ESPUMANTE TERRANOVA BRUT ROSE 750 ML;GF;
200781;ESPUMANTE TERRANOVA BRUT 250 ML;GF;
200780;ESPUMANTE TERRANOVA DEMI-SEC 750 ML;GF;
200741;ESPUMANTE TERRANOVA MOSCATEL;GF;
201117;ESPUMANTE TERRANOVA MOSCATEL BABY 250 ML;GF;
200430;ESPUMANTE TERRANOVA MOSCATEL 750 ML;GF;
700233;ESPUMANTE TERRANOVA MOSCATEL 750ML;GF;
700200;ESPUMANTE VIRTUS BRUT ROSE;GF;
600645;***NAO USAR***ESPUMANTE SALTON MOSCATEL;GF;
27728;não usarVINHO LA BOCA BLACK LABEL MERLOT;GF;
264623;VINHO  ALTOZANO TEMPRANILLO 750 ML;GF;
200714;VINHO ALAMOS MALBEC 750 ML;GF;
279232;VINHO ALENTEJO RAPARIGA DA QUINTA TT COL;GF;
200003;VINHO ALMADEM RIESLING 750 ML;GF;
200581;VINHO ALMADEM TANNAT 750 ML;GF;
200594;VINHO ALMADEN CAB SAUV 250 ML;GF;
200579;VINHO ALMADEN CAB SAUV 750 ML;GF;
200004;VINHO ALMADEN CABERNET SUAVE 750 ML;GF;
700285;VINHO ALMAUNICA RESERVA MERLOT;GF;
202158;VINHO ALTA VISTA CLA RES. MALBEC 750ML;GF;
700273;VINHO ALTA VISTA CLASSIC RESERVA MALBEC;GF;
700071;VINHO ALTO MADERO RESER CARMENERE 375ML;GF;
700796;VINHO AMBICION CHARDONNAY;GF;
700794;VINHO AMBICION MALBEC;GF;
700795;VINHO AMBICION ROSE;GF;
700279;VINHO ANDELUNA 1300 MALBEC;GF;
700745;VINHO BORDEAUX CHATEAU LES MILLAUX;GF;
234525;VINHO BOTALCURA CODORNIZ CAB. SAUVIGNON;GF;
234600;VINHO BOTALCURA CODORNIZ MERLOT;GF;
274685;VINHO BOTALCURA CODORNIZ SAUVIGNON BLANC;GF;
234551;VINHO BOTALCURA EL DELIRIO CABERNET SAUV;GF;
700793;VINHO BOTALCURA EL DELIRIO MERLOT;GF;
700778;VINHO BOTALCURA EL DELIRIO PINOT NOIR;GF;
279147;VINHO BOTALCURA EL DELIRIO SYRAH MALBEC;GF;
202203;VINHO BOTALCURA SAUIVIGNON BLANC 750ML;GF;
700229;VINHO BOTALCURA SAUVIGNON BLANC 750ML;GF;
200800;VINHO BRANCO ALMADEM RIESLING 250 ML;GF;
200727;VINHO BRANCO FAUSTO CHARDONNAY 750 ML;GF;
600147;VINHO BRANCO GARRAFAO;GF;
200663;VINHO BRANCO 4,5 L;LT;
201169;VINHO CALLIA ALTA SHIRAZ 750ML;GF;
264636;VINHO CAPOANI MERLOT TANNAT 750;GF;
264635;VINHO CAPOANI MERLOT 750;GF;
201162;VINHO CARLOTA JOAQUINA 750 ML;GF;
202134;VINHO CASA MARIN CARTAGENA CAB. SAUV 750;GF;
700282;VINHO CASA VALDUGA CABERNET SAUV 375ML;GF;
278125;VINHO CASA VALDUGA CHARDONNAY LEOPOLDINA;GF;
278085;VINHO CASA VALDUGA CHARDONNAY 375ML;GF;
200361;VINHO CASA VALDUGA DUETTO - CHARD 375ML;GF;
200152;VINHO CASA VALDUGA P. CABERNET SAUVIGNON;GF;
202137;VINHO CAVATINA NERO D'AVOLA 750ML;GF;
279282;VINHO CEU SOL SUL CHARDONNAY;GF;
229240;VINHO CEU SOL SUL TANNAT;GF;
700226;VINHO COLIMAN CHARDONNAY;GF;
279527;VINHO COLIMAN CHARDONNAY;GF;
278266;VINHO COLIMAN MALBEC;GF;
279534;VINHO CORDILLERA ANDINA CAB. SAUV. 375;GF;
279814;VINHO CORDILLERA ANDINA CAB. SAUV 750ML;GF;
277881;VINHO CORDILLERA ANDINA CAB.SUVIGNON 187;GF;
232705;VINHO CORDILLERA ANDINA CARME 375ML;GF;
611184;VINHO CORDILLERA ANDINA CARMENERE;GF;
208845;VINHO CORDILLERA ANDINA ROSE SYRAH;GF;
264631;VINHO CORDILLERA ANDINA SAUVI BLANC 375;GF;
200406;VINHO COSTA CAB SAUV 750 ML;GF;
200551;VINHO COSTA PACIFICO CARMENERE 750 ML;GF;
200548;VINHO COSTA PACIFICO SAUV BLANC 750 ML;GF;
278267;VINHO COTES DU RHONE LEON PERDIGAL;GF;
700164;VINHO DEL GRANO BRANCO SECO 1480ML;GF;
201298;VINHO DO PORTO TAYLOS FINE RUBY 750ML;GF;
202141;VINHO DOM LAURINDO RES. CAB. SAUVI 375ML;GF;
201126;VINHO DON GUERINO BAG CAB. SAUV. 5L;UN;
232507;VINHO DON GUERINO CAB MER TANNAT BAG 5L;LT;
202262;VINHO DON GUERINO CHARDONNAY BAG 3L;GF;
278383;VINHO DON LAURINDO RESERVA CAB/SAU 375ML;GF;
200537;VINHO DON LAURINDO RESERVA CAB/SAUV 750M;GF;
202339;VINHO DON LAURINDO RESERVA MERLOT 375 ML;UN;
264637;VINHO DONA PAULA ESTATE MALBEC 750;GF;
234526;VINHO DONA PAULA LOS CARDOS SYRAH;GF;
202126;VINHO DUNAMIS SER SAUV./CHARDONNAY 750;GF;
700253;VINHO ERRAZURIZ CARMENERE 750 ML;GF;
700280;VINHO ERRAZURIZ COLLECTION CHARDONNAY;GF;
264638;VINHO ESPORAO PE BRANCO 750 ML;GF;
264639;VINHO ESPORAO PE ROSE 750;GF;
202302;VINHO ESPORAO PE TINTO;GF;
700399;VINHO ESPORAO PE TINTO;GF;
264669;VINHO GIACONDI ROSSO 750;GF;
279729;VINHO HARDYS STAMP CAB SAUV MERLOT;GF;
279829;VINHO KLEIN KLOOF MOUNTAIN RED;GF;
279728;VINHO LA BOCA BLACK LABEL MERLOT;GF;
700123;VINHO LA BOCA CABERNET SAUVIGNON;UN;
277972;VINHO LA FINCA CABERNET SUAVIGNON 750 ML;GF;
264696;VINHO LA FINCA MALBEC;GF;
278219;VINHO LA MANCHA ALTOZANO TEMPRANILLO;GF;
278593;VINHO LARENTIS CABERNET SAUV BAG 4LT;UN;
278594;VINHO LARENTIS CHARDONNAY BAG 4 LT;UN;
202143;VINHO LEON DE TARAPACA CAB. SAUV 187ML;GF;
700228;VINHO LEON DE TARAPACA CAB SAUVIG 187ML;GF;
279663;VINHO LEON DE TARAPACA SAUV. BLANC 187ML;GF;
202144;VINHO LEON DE TARAPACA SAUV. BLANC 187ML;GF;
279609;VINHO LOS HAROLDOS NAMPE MALBEC;GF;
700271;VINHO LOS HAROLDOS NAMPE MALBEC ROSE;GF;
279682;VINHO LOS HAROLDOS NAMPE TORRONTES;GF;
200584;VINHO LOVARA MERLOT 750 ML;GF;
700041;VINHO MARSALA SUPERIORE DOLCE PELLEGRINO;GF;
200578;VINHO MIOLO CHARDONNAY 750 ML;GF;
200403;VINHO MIOLO RESERVA CAB SAUV 375 ML;GF;
200547;VINHO MIOLO RESERVA CAB SAUV 750 ML;GF;
278376;VINHO MIOLO RESERVA CAB/SAUV 750ML;GF;
200801;VINHO MIOLO RESERVA CHARDONNAY 375 ML;GF;
200583;VINHO MIOLO RESERVA CHARDONNAY 750ML;GF;
200740;VINHO MIOLO RESERVA MERLOT 375ML;GF;
200948;VINHO MIOLO RESERVA MERLOT 750ML;GF;
200791;VINHO MIOLO RESERVA TANNAT 750 ML;GF;
200582;VINHO MIOLO RESERVA TEMPRANILLO 750ML;GF;
200100;VINHO MIOLO SELEÇÃO BRANCO 375 ML;GF;
200002;VINHO MIOLO SELECAO CAB. SAUB/MER 750 ML;GF;
200707;VINHO MIOLO SELEÇÃO CAB./MERLOT 375;GF;
200947;VINHO MIOLO SELEÇÃO CAB./MERLOT 750 ML;GF;
200099;VINHO MIOLO SELEÇÃO CHARD./RIESLI 750 ML;GF;
200782;VINHO MIOLO SELECAO CHARD/VIOGNIER;GF;
200702;VINHO MIOLO SELECAO CHARD/VIOGNIER 375ML;GF;
200120;VINHO MIOLO SELEÇÃO TINTO 375 ML;GF;
700286;VINHO NAVARRA CINCO VINAS TEMPRANILLO;GF;
279727;VINHO NIEL JOUBERT PINOTAGE;GF;
264632;VINHO PANIZZON ANCELLOTA;GF;
274687;VINHO PANIZZON CHARDONAY;GF;
278591;VINHO PANIZZON MOSCATEL;GF;
264641;VINHO PANIZZON SAUV BLANC 750;GF;
277882;VINHO PANIZZON 3 L;GF;
201038;VINHO PIZZATO CAB. SAUV RESERVA 375 ML;GF;
700284;VINHO PIZZORNO PROFECIA TANNAT;GF;
202336;VINHO PRIMITIVO PRIMO ROSSO 750 ML;UN;
700243;VINHO PUGLIA PRIMITIVO PRIMO ROSSO;GF;
279501;VINHO RAMOS PINTO ADRIANO 500ML;GF;
202217;VINHO SALTON PARADOXO CHARDONAY 750ML;GF;
202218;VINHO SALTON PARADOXO MERLOT 750ML;GF;
200168;VINHO SANTA HELENA CAB. SAUVIGNON 375 ML;GF;
200172;VINHO SANTA HELENA CAB SUAV 750 ML;GF;
200395;VINHO SANTA HELENA CHARDONNAY 750 ML;GF;
200390;VINHO SANTA HELENA RES CAB SAUV 375 ML;GF;
200391;VINHO SANTA HELENA RES CARMENERE 375 ML;GF;
232508;VINHO TAPARACA GRAN CARMENERE 375 ML;GF;
700246;VINHO TARAPACA RESERVA CARMENERE 375 ML;GF;
202142;VINHO TARAPACA RESERVA CARMENERE 375ML;GF;
700281;VINHO TAYLOR S FINE RUBY;GF;
700137;VINHO TAYLOR S FINE WHITE;GF;
232509;VINHO TERRANOVA MOSCATEL 750 ML;GF;
200708;VINHO TERRANOVA SHIRAZ 250 ML;GF;
200664;VINHO TINTO GARRAFAO;LT;
600135;VINHO TINTO GARRAFÃO;LT;
700227;VINHO VEO GRANDE RESERVA CARMENERE 750ML;GF;
200786;VINHOI CUVEE GIUSEPPE MERLOT/CAN. SAUVIG;GF;
202124;ESPUMANTE ALMAUNICA NATURE CHAMP. 750 ML;GF;
202125;ESPUMANTE CAVATINA PREMIUN PROSECCO 750;GF;
200592;ESPUMANTE HORUS CHARMAT BRUT 750 ML;GF;
202122;ESPUMANTE LAURENTIA BRUT CHAMPENOISE 750;GF;
200553;ESPUMANTE MIOLO TERRANOVA MOSCATEL 750 M;GF;
202281;ESPUMANTE PANIZZON MOSCATEL 750ML;GF;
200710;ESPUMANTE SALTON BRUT;GF;
600415;ESPUMANTE SALTON DEMI SEC;GF;
200137;ESPUMANTE SALTON DEMI SEC;GF;
202130;VINHO ALMAUNICA RESERVA MERLOT 750ML;GF;
202132;VINHO ANDELUNA 1300 MALBEC 750ML;GF;
201177;VINHO BORDEAUX CHATEAU LES MILLAUX 750 M;GF;
202335;VINHO BOTALCURA EL DELIRIO PINOT 750ML;UN;
277773;VINHO CANTAGUA CLASSIC 750;GF;
278080;VINHO CEU SOL SUL CABERNET SAUV;GF;
202334;VINHO CORDILLEIRA ANDINA CAB. SUAV 750ML;UN;
202282;VINHO CORDILLERA ANDINA ROSE SYRAH 750ML;GF;
200405;VINHO COSTA PACIFICO CARMENERE 375 ML;GF;
200065;VINHO DO PORTO;LT;
201173;VINHO ERRAZURIZ RES. CAB. SAUV. 750 ML;GF;
601187;VINHO ERRAZURIZ RES. CAB. SAUV. 750 ML;GF;
201175;VINHO ERRAZURIZ RES. CHARDONNAY 750 ML;GF;
201174;VINHO ERRAZURIZ RESERV. CARMERERE 750ML;GF;
212324;VINHO LA FINCA CABERNET SUAVIGNON 750 ML;UN;
202140;VINHO LA VILLE FERME ROUGE 750 ML;GF;
202056;VINHO LOS HAROLDOS CAB. SUAVGON 375 ML;GF;
202129;VINHO LOS HAROLDOS MALBEC ROSE 750ML;GF;
202014;VINHO LOS HAROLDOS MALBEC 375ML;GF;
201171;VINHO LOS HAROLDOS MALBEC 750 ML;GF;
202127;VINHO LOS HAROLDOS TORRONTES 750ML;GF;
200550;VINHO LOS NEVADOS MALBEC 750 ML;GF;
278364;VINHO PANIZZON PROSECCO BRUT;GF;
232665;VINHO PENINSULA DE SETUBAL AZEITAO TINTO;GF;
202135;VINHO ROBLES DEL SUR TANNAT 750ML;GF;
200366;VINHO SANTA HELENA SAUV BLANC 750ML;GF;
201125;VINHO TARAPACA GRAND RES CAB. SAUVG 375;UN;
201124;VINHO TARAPACA GRAND RESEV CARMENERE 750;UN;
200434;VINHO TINTO CATENA MALBEC 2017;GF;
202013;VINHO TINTO GARZON TANNAT;GF;
200718;VINHO TINTO MONTES CABERNET SAUVIGNON;GF;
200719;VINHO TINTO MONTES SELECCION PINOT NOIR;GF;
277772;VINHO TONELES LA PRADERA BLANCO 750 ML;GF;
277774;VINHO TORNELES CORDEIRO CON PIEL 750 ML;GF;
202133;VINHO VEO GRANDE RESERVA CARMENERE 750ML;GF;
278227;ABSINTO VERDE SAN BASILE;GF;
200018;AGUARDENTE;GF;
200352;AGUARDENTE NEGA FULO 750ML;GF;
200130;AGUARDENTE YPIOCA OURO;LT;
200665;AGUARDENTE YPIOCA PRATA;LT;
232520;APEROL;LT;
278398;BITTER ANGOSTURA;GF;
200728;BITTER BRASILBERG;LT;
277887;BITTER FERNET BRANCA 750ML;LT;
200990;BRANDY OSBORNE;LT;
279528;CACHAÇA AMBURANA;GF;
232481;CACHAÇA CANINHA;LT;
277722;CACHAÇA NEGA FULO 750 ML;GF;
701522;CACHAÇA ORGANICA PRIMAVERA;LT;
200962;CACHAÇA SAGATIBA 700  ML;LT;
700942;CACHAÇA SALINAS TRADICIONAL;LT;
279625;CACHAÇA SALINAS UMBURANA;LT;
701023;CACHAÇA SAO FRANCISCO;LT;
200329;CACHAÇA TRADICIONAL - GF;GF;
200126;CACHAÇA VELHO BARREIRO;LT;
700757;CACHAÇA WEBER HAUS ENVELHECIDA AMBURANA;LT;
279148;CACHACA WEBER HAUS PRIMAVERA CABRIUVA;GF;
700756;CACHAÇA WEBER HAUS PRIMAVERA 600ML;LT;
279610;CACHAÇA WEBER HAUS SASSAFRAS 700ML;LT;
200040;CAMPARI 900 ML;LT;
200076;CONHAQUE COZINHA;GF;
200009;CONHAQUE DOMECQ;LT;
201119;CONHAQUE FRANCES HENNESSY;LT;
200472;CONHAQUE FUNDADOR BRANDY;GF;
700061;CONHAQUE HENNESSY XO 700 ML;LT;
200469;CONHAQUE OSBORNE BRANDY;GF;
700933;CONHAQUE PRESIDENTE;LT;
200754;CONHAQUE PRESIDENTE 900ML;GF;
212344;CONHAQUE REMY MARTIN VSOP 700ML;LT;
232486;GIN AMAZZONI;LT;
274696;GIN BOMBAY;LT;
600045;GIN GORDON´S;LT;
200127;GIN SEAGER'S;GF;
200385;GIN TANQUERAY;LT;
700656;GRAPPA REGGIO 500ML;LT;
600226;LICOR AMARETO;GF;
200015;LICOR AMARULA 750 ML;GF;
200129;LICOR COINTREAU 700ML;LT;
279295;LICOR CURACAU;LT;
200316;LICOR CURAÇAU;LT;
200342;LICOR DE CACAU;GF;
200314;LICOR DE CASSIS;LT;
701326;LICOR FORMULA 700ML;LT;
200346;LICOR FRANGELICO;LT;
278223;LICOR LIMONCELLO VILLA MASSA;LT;
200024;LICOR STOCK;LT;
201974;LICOR 43 DIEGO ZAMORA;LT;
200144;MALIBU COCONUT;GF;
200139;MARTINI;GF;
200620;MARTINI BIANCO;GF;
200350;MARTINI DRY;LT;
202291;PISCO CAPEL;GF;
200041;RUM BACARDI CARTA BRANCA 980 ML;LT;
201159;RUM BACARDI GOLD 980 ML;UN;
200140;RUM BACARDI OURO;GF;
201947;RUM BACARDI SUPERIOR 980 ML;GF;
200318;RUM HAVANA CLUB 3 ANOS;LT;
200668;SAKE;LT;
200347;SAQUE;LT;
200636;SMIRNOFF ICE LN;GF;
200143;STEINHAEGER;GF;
200135;TEQUILA;GF;
600224;TEQUILA JOSE CUERVO;LT;
200320;VERMOUTH CARPANO;LT;
700784;VERMOUTH MARTINI EXTRA DRY 750 ML (LT);LT;
200351;VERMOUTH MARTINI ROSSO;LT;
200356;VODKA ABSOLUT;LT;
202178;VODKA CIROC;LT;
201287;VODKA KRARUS PREMIUM;GF;
200619;VODKA ORLOFF;LT;
200038;VODKA SMIRNOFF;LT;
200745;VODKA STOLICHNAYA;LT;
200064;WHISKY BALLANTINES;LT;
200667;WHISKY BLACK E WHITE;GF;
200321;WHISKY BUCANA'S;GF;
600043;WHISKY BUCHANA´S 12;LT;
200177;WHISKY CHIVAS REGAL 12 ANOS;LT;
278095;WHISKY CHIVAS REGAL 18 ANOS;GF;
279151;WHISKY EVAN WILLIAMS;GF;
201289;WHISKY GRAND MACNISH SCOTH;GF;
200353;WHISKY JACK DANIELS;LT;
200017;WHISKY JOHNNIE WALKER BLACK LABEL;LT;
200666;WHISKY JOHNNIE WALKER GOLD;LT;
200042;WHISKY JOHNNIE WALKER RED LABEL;LT;
200743;WHISKY JOHNNIE WALKER SWING 750 ML;GF;
200039;WHISKY PASSPORT;LT;
232547;XAROPE;LT;
200145;POLPA DE FRUTA - SUCO;KG;
200204;SUCO CONCENTRADO DIVERSOS;LT;
200085;SUCO DE ABACAXI;LT;
200338;SUCO DE CAJU;LT;
200744;SUCO DE CRANBERRY;LT;
200084;SUCO DE MANGA;LT;
200053;SUCO DE MARACUJÁ;LT;
201113;SUCO DE SOJA;LT;
200087;SUCO DE TOMATE;LT;
200086;SUCO DE UVA;LT;
100513;SUCO EM PO (KG);KG;
201963;SUCO INTEGRAL DE UVA;LT;
700072;SUCO INTEGRAL 300 ML;UN;
200471;SUCO LATA;LA;
700001;SUCO LATA 290 ML;LA;
201980;SUCO 300ML;UN;
200134;SUCOS DIVERSOS 1 LT;UN;
200414;XAROPE DE GROSELHA;UN;
200711;CHAMPAGNE MOET & CHANDON BRUT IMPERIAL;GF;
200712;ESPUMANTE CHANDON BRUT RESERVE;GF;
701203;ESPUMANTE SALTON MOSCATO ROSE;GF;
279526;VINHO BRANCO LA VIEILLE FERME;GF;
201122;VINHO CASAL GARCIA BRANCO 750 ML;GF;
700476;VINHO HARDYS STAMP SHIRAZ CABERNET SAUVI;GF;
700063;VINHO MIOLO SELEÇAO CAB SAUV MERLO 750ML;GF;
279258;VINHO PORTO TAYLORS TAWNY;GF;
279841;VINHO TINTO CATENA MALBEC 2017;GF;
278254;VINHO TINTO DV CATENA MALBEC-MALBEC 2017;GF;
700278;VINHO TINTO GARZON ESTATE TANNAT;GF;
128123;BATATA SMILES;KG;
400356;BOLINHA DE QUEIJO;KG;
400401;CACHORRINHO FOLHADO CONGELADO KG;KG;
400693;CRAVO FLOR;KG;
100496;EMUSTAB;KG;
400377;ESFIRRA CONGELADA KG;KG;
279286;ESPUMANTE VIRTUS BRUT;GF;
400052;FAGOTINE CREAM CHEESE MUSSARELA E ALHO;UN;
400376;GRAVATINHA CONGELADO;KG;
100422;KIBE;KG;
188930;LARANJA DESIDRATADA;KG;
400408;MATCHA;KG;
400352;MINI PASTEL CONGELADO;KG;
400350;MINI RISOLES CONGELADO KG;KG;
188423;MOLHO OSTRA;KG;
400386;PASTA GRAO DE BICO;KG;
27836;DRINK MULE 269ML;LA;
27835;DRINK MULE 473ml;LA;
279525;KOMBUCHA;GF;
278604;VINHO CASA VALDUGA ARTE BRUT 375ML;GF;
999973;Abastecimento de Gás;UN;
200147;APARELHO DE BARBEAR;UN;
999950;Assistencia Medica;UN;
999975;Bens do Imobilizado Pequeno Valor;UN;
800055;BOBINA PLASTICA PICOTADA 3L;UN;
800056;BOBINA PLASTICA PICOTADA 5L;UN;
101120;CAPSULA DE CHANTILY;UN;
999941;Combustível de Gerador;UN;
999961;Copa e Cozinha;UN;
128115;ESCOVA DENTAL;UN;
999934;Outras Despesas Comerciais;UN;
999946;Refeições e Lanches;UN;
999963;Serviço Terc. - Outros;UN;
800063;TOUCA DESCARTAVEL C/ 100;UN;
400095;BISCOITO CLUB SOCIAL;UN;
190066;CHOCOLATE MARROC;UN;
800000;CREME DENTAL;UN;
800028;ESCOVA DENTAL;UN;
999993;Fundo de Reserva;UN;
999972;Energia Elétrica;UN;
500620;FARINHA DE CENTEIO;KG;
600442;AGUA MINERAL 200ML PET;GF;
188437;*** NAO USAR -----ANIS ESTRELADO;KG;
100615;APRESUNTADO;KG;
100019;BACON;KG;
100100;BEBIDA LACTEA;LT;
100732;BEBIDA LACTEA UN;UN;
100006;BISCOITO AGUA E SAL KG;KG;
100244;BISCOITO SALGADO;KG;
100142;BLANQUET PERU LIGHT;KG;
100463;BOLO;UN;
190272;BOLO CONGELADO UN;UN;
100190;CAFE CAPPUCINO KG;KG;
400372;CAFE EXPRESSO ARPEGGIO;UN;
101115;CAFE EXPRESSO DECAFEINATO;UN;
101142;CAFE EXPRESSO FORTE;UN;
100311;CEREAL MATINAL DE CHOCOLATE;KG;
100296;CEREJA EM CALDA;KG;
100052;CHOCOLATE EM PO;KG;
101162;CHOCOLATE QUENTE PÓ;KG;
100018;COBERTURA;KG;
100494;COCO SECO (KG);KG;
100967;COOKIE CONGELADO;KG;
100477;CREME CONFEITEIRO;KG;
188345;CREME CULINARIO;KG;
100341;DOCE DE FRUTAS (UN=1KG)-TODAS.;KG;
188343;FARINHA DE PAO SEM GLUTEN;KG;
100182;FERMENTO QUIMICO;KG;
100284;FIGO EM CALDA;KG;
100493;FUBA (UN=1KG);KG;
100219;GELATINA;KG;
100677;GELEIA SABORES;KG;
200499;GELO EM PACOTE;PT;
100263;GRANOLA;KG;
188440;HIBISCO;KG;
264668;IOGURTE DANONINHO 40GR;UN;
200037;IOGURTE LITRO;LT;
200070;IOGURTE NATURAL;LT;
100719;IOGURTE 100 GR;UN;
100739;IOGURTE 90 ML;UN;
188935;LEITE DE AMENDOAS;LT;
188948;LEITE DE COCO EM PO;KG;
100678;MASSA EM ROLO;KG;
188906;MEDIALUNA CONGELADA;UN;
400365;MINI EMPADINHA CONGELADA;KG;
100286;MOLHO DE TOMATE;KG;
300337;NESCAU COM LEITE;KG;
100968;PAO CONGELADO;KG;
188463;PASTA DE AMENDOIM;KG;
100464;PEITO FRANGO FATIADO - FRIOS;KG;
100287;PESSEGO EM CALDA;KG;
500090;PIMENTA DO REINO;KG;
189967;QUEIJO MASCARPONE;KG;
100508;SACHET CREAM CHEESE 18GR;UN;
100042;SACHET GELEIA SORTIDA 15 GR;UN;
100653;SACHET GELEIA SORTIDA 15 GR DIET;UN;
100134;SACHET MARGARINA 10 GR;UN;
100043;SACHET MEL 15 GR;UN;
100782;SALAME MILANO;KG;
100239;SALSICHA CACHORRO QUENTE KG;KG;
100423;SALSICHA VERMELHA E BRANCA KG;KG;
100514;TEMPEROS DIVERSOS;KG;
190031;CAFE EXPRESSO ALEGRIA;KG;
999955;FESTAS E CONGRAÇAMENTOS ADM;UN;
999901;FESTAS E CONGRAÇAMENTOS ADM ST;UNID;
999977;ENXOVAL CAMA MESA E BANHO HOSP;UN;
800396;1,60M X 2,50M-LENCOL PERCAL 180F 52/48 -;PC;
999980;LOUÇAS E MATERIAIS DE COZINHA A&B;UN;
999899;MATERIAL DE SERVIÇO E IMPRESSOS HOSP;UNID;
999979;MATERIAL DE SERVIÇO E IMPRESSOS HOSP ST;UN;
999962;Conduções,Refeicões,Trein;UN;
999981;OUTRAS DESP. OPERAÇÃO A&B;UNID;
999906;OUTRAS DESP. OPERAÇÃO A&B ST;UNID;
999912;OUTRAS DESP. OPERACAO HOSP;UNID;
999907;OUTRAS DESP. OPERAÇÃO HOSP ST;UNID;
400855;CAFE RISTRETO HOSPEDAGEM;UN;
190028;CAFE VOLLUTO;UN;
999982;PRODUTO DE QUARTO HOSP;UNID;
999911;PRODUTO DE QUARTO HOSP ST;UNID;
999983;TRATAMENTO VIP;UN;
999984;UNIFORMES HOSP;UNID;
999884;MANUT MAT LAMPADAS HOSP ST;UNID;
999923;MANUT MAT TELEFONE HOSP;UNID;
999925;MANUT MAT PINTURA HOSP;UNID;
999890;MANUT MAT PINTURA HOSP ST;UNID;
999992;Brindes;UN;
999964;Materiais Manut Microcomputadores;UN;
999933;MANUT MAT AR CONDICIONADO HOSP;UN;
999927;MANUT MAT LAMPADAS HOSP;UNID;
999931;MANUT MAT ELETRICA HOSP;UNID;
999905;MANUT MAT ELETRICA HOSP ST;UNID;
999921;MANUT MAT PEQUENAS REFORMAS HOSP;UNID;
999894;MANUT MAT PEQUENAS REFORMAS HOSP ST;UNID;
999958;DECORACOES HOSP;UN;
999987;DECORACOES HOSP ST;UN;
999926;MANUT MAT MAQ/EQUIP/SOM/VIDEO HOSP;UNID;
999889;MANUT MAT MAQ/EQUIP/SOM/VIDEO HOSP ST;UNID;
999929;MANUT MAT HIDRAULICA HOSP;UNID;
999883;MANUT MAT HIDRAULICA HOSP ST;UNID;
999924;MANUT MAT SIST COMBATE INCENDIOS HOSP;UNID;
999994;MATERIAL DE EXPEDIENTE ADM;UNID;
999913;MATERIAL DE EXPEDIENTE HOSP;UNID;
800043;ALCOOL LIQUIDO 70°;LT;
800039;ANTIBACTERIAL;UN;
999995;CONSERVAÇÃO E LIMPEZA A&B;UNID;
999916;CONSERVAÇÃO E LIMPEZA A&B ST;UNID;
999915;CONSERVAÇÃO E LIMPEZA HOSP;UNID;
999914;CONSERVAÇÃO E LIMPEZA HOSP ST;UNID;
800057;ESPONJA DUPLA FACE;UN;
800042;FACILIN;LT;
800058;FIBRA LIMPEZA PESADA;UN;
800041;JET DRY;LT;
800052;LUVA LATEX AMARELA M;PAR;
800053;LUVA VINIL SEM AMIDO G;UN;
999928;MANUT MAT JARDINS/AREAS EXTERNAS HOSP;UN;
122026;*** nao usar ***CHOCOLATE BIS EXTRA 55G;UN;
100957;*** nao usar ****CHOCOLATE CHARGE 40GR;UN;
100004;*** nao usar ***CHOCOLATE SUFLAIR 50G;UN;
100731;CHOCOLATE DIAMANTE NEGRO 25G;UN;
188533;MASSA WRAP KG;KG;
188214;POLPETONE DE CARNE;UN;
188216;SANDUICHE MEDIALUNA;UN;
279649;CACHAÇA WEBER HAUS PRATA 700ML;LT;
200096;CERVEJA BRAHMA LN;GF;
212325;VINHO ALTA VISTA CLASSIC CAB SUAV 750ML;UN;
000816;VINHO BOTALCURA CABERNET SAUV;UN;
200273;VINHO FINCA LA LINDA MALBEC;GF;
128117;CONDICIONADOR CAPILAR;UN;
128118;SABONETES;UN;
128127;SHAMPOO CAPILAR;UN;
